,id,score,day,contributors_timing,contributors_deep_sleep,contributors_restfulness,contributors_efficiency,contributors_latency,contributors_rem_sleep,contributors_total_sleep
0,12,74,2024-06-20,11,95,77,96,75,91,74
1,12,67,2024-06-21,16,66,96,96,89,75,54
2,12,66,2024-06-22,16,59,88,95,75,74,59
3,12,77,2024-06-23,17,93,90,99,67,96,74
4,12,63,2024-06-24,43,30,73,100,67,76,57
5,12,71,2024-06-25,15,66,89,100,81,75,67
6,12,78,2024-06-27,16,71,90,98,89,94,79
7,12,64,2024-06-28,18,70,90,96,94,71,46
8,12,65,2024-06-29,40,65,96,100,72,66,48
9,12,69,2024-06-30,63,77,78,99,70,62,57
10,12,76,2024-07-01,50,99,93,100,72,80,63
11,12,80,2024-07-02,19,82,91,100,67,98,84
12,12,86,2024-07-03,20,92,87,98,78,97,98
13,12,73,2024-07-04,17,69,87,100,70,83,75
14,12,75,2024-07-05,21,86,89,100,72,96,68
15,12,62,2024-07-06,22,63,82,98,99,61,43
16,12,79,2024-07-07,39,80,84,99,70,88,82
17,12,49,2024-07-08,8,67,87,86,83,37,22
18,12,78,2024-07-10,31,88,81,99,70,96,79
19,12,79,2024-07-11,28,69,83,98,72,97,87
20,12,68,2024-07-12,12,81,82,99,81,73,60
21,12,78,2024-07-13,14,88,82,96,72,98,82
22,12,74,2024-07-14,17,76,83,100,70,95,74
23,12,78,2024-07-15,15,95,84,96,83,91,78
24,12,64,2024-07-16,23,52,66,96,91,67,59
25,12,77,2024-07-17,32,81,92,100,78,82,74
26,12,70,2024-07-18,56,70,89,95,67,70,60
27,12,75,2024-07-19,57,89,83,99,78,79,64
28,12,64,2024-07-20,80,66,72,98,89,51,42
29,12,67,2024-07-21,12,86,92,99,78,49,58
30,12,66,2024-07-22,56,95,83,97,83,53,43
31,12,71,2024-07-23,29,75,67,97,72,75,73
32,12,70,2024-07-24,86,91,82,100,72,59,48
33,12,70,2024-07-25,23,80,82,98,75,75,65
34,12,71,2024-07-26,21,96,92,100,70,81,59
35,12,74,2024-07-27,22,60,87,100,70,89,76
36,12,86,2024-07-28,19,98,89,90,94,88,97
37,12,66,2024-07-29,57,41,74,95,91,74,55
38,12,85,2024-07-30,30,95,76,98,78,98,97
39,12,74,2024-08-01,19,67,89,98,94,89,67
40,12,74,2024-08-02,21,80,86,90,72,97,73
41,12,35,2024-08-03,1,16,84,95,70,14,9
42,12,90,2024-08-04,61,79,90,99,78,97,99
43,12,74,2024-08-06,18,80,79,100,67,95,75
44,12,70,2024-08-07,23,73,81,98,81,80,64
45,12,76,2024-08-08,33,47,85,97,75,98,81
46,12,53,2024-08-09,1,78,79,93,75,39,36
47,12,76,2024-08-10,28,75,84,98,78,96,75
48,12,55,2024-08-11,24,56,82,90,72,52,38
49,12,76,2024-08-12,60,59,86,100,78,80,72
50,12,72,2024-08-13,53,83,51,88,97,87,68
51,12,67,2024-08-14,50,50,78,98,67,76,60
52,12,75,2024-08-15,25,77,76,97,81,91,77
53,12,66,2024-08-17,20,66,88,100,67,82,54
54,12,70,2024-08-19,83,46,88,97,78,74,53
55,12,90,2024-08-20,100,62,71,83,97,100,100
56,12,80,2024-08-21,50,82,81,97,75,98,80
57,12,82,2024-08-23,35,67,82,100,97,96,86
58,12,86,2024-08-24,13,97,86,95,97,96,96
59,12,79,2024-08-25,21,87,81,99,72,91,85
60,12,69,2024-08-26,29,76,75,88,97,77,60
61,12,84,2024-09-02,13,96,79,97,72,99,98
62,12,72,2024-09-03,24,80,88,95,78,75,68
63,11,74,2024-06-20,26,96,94,100,67,85,64
64,11,70,2024-06-21,22,97,95,97,70,62,61
65,11,69,2024-06-22,21,95,91,100,67,61,60
66,11,69,2024-06-23,20,97,87,97,83,37,65
67,11,74,2024-06-24,30,96,94,100,72,77,63
68,11,73,2024-06-25,24,89,70,95,67,89,74
69,11,75,2024-06-26,37,96,94,99,72,58,69
70,11,73,2024-06-27,47,78,97,100,72,76,61
71,11,71,2024-06-28,32,79,94,96,83,85,56
72,11,71,2024-06-29,62,97,64,97,67,69,64
73,11,77,2024-06-30,44,96,94,100,67,72,72
74,11,74,2024-07-01,38,81,89,99,72,84,66
75,11,73,2024-07-02,29,86,70,93,89,85,68
76,11,73,2024-07-03,32,93,87,95,70,60,70
77,11,70,2024-07-04,29,89,79,100,67,86,59
78,11,77,2024-07-05,43,79,91,97,70,89,72
79,11,67,2024-07-06,18,95,89,97,78,62,53
80,11,77,2024-07-07,50,93,78,93,81,85,72
81,11,72,2024-07-08,50,94,72,96,75,68,64
82,11,77,2024-07-09,18,97,94,100,67,96,72
83,11,68,2024-07-10,20,83,85,96,72,55,64
84,11,76,2024-07-11,42,97,88,100,67,69,71
85,11,71,2024-07-12,18,96,90,100,70,78,61
86,11,66,2024-07-13,19,81,60,97,70,71,67
87,11,78,2024-07-16,27,79,76,99,75,96,84
88,11,74,2024-07-17,21,95,89,90,86,67,70
89,11,71,2024-07-18,42,87,97,96,62,68,60
90,11,78,2024-07-19,26,95,85,100,67,89,78
91,11,31,2024-07-20,1,37,49,30,99,29,13
92,11,80,2024-07-23,24,95,88,99,83,89,80
93,11,70,2024-07-24,14,95,84,83,18,92,77
94,11,68,2024-07-25,23,72,88,98,94,81,52
95,11,69,2024-07-26,20,79,84,93,86,72,61
96,11,76,2024-07-28,18,86,91,98,72,90,75
97,11,56,2024-07-29,23,64,73,86,72,31,50
98,11,85,2024-07-30,63,90,84,100,67,96,87
99,11,80,2024-07-31,22,95,88,88,75,96,82
100,11,66,2024-08-01,30,70,89,97,83,60,54
101,11,80,2024-08-02,21,96,97,100,83,90,75
102,11,79,2024-08-03,13,84,86,97,86,92,81
103,11,88,2024-08-04,52,96,85,99,72,99,95
104,11,79,2024-08-05,23,83,91,98,94,87,76
105,11,70,2024-08-06,27,84,88,86,81,78,60
106,11,78,2024-08-07,32,85,87,99,78,91,75
107,11,67,2024-08-08,29,68,93,97,94,56,53
108,11,66,2024-08-09,52,78,84,100,78,51,51
109,11,81,2024-08-10,22,96,89,100,70,89,85
110,11,55,2024-08-11,34,69,83,95,67,41,35
111,11,79,2024-08-12,53,92,85,100,67,80,76
112,11,70,2024-08-13,25,85,87,100,64,71,64
113,11,61,2024-08-14,4,51,93,98,83,44,53
114,11,61,2024-08-15,35,63,61,88,89,65,50
115,11,64,2024-08-16,19,95,87,100,67,57,48
116,11,73,2024-08-17,13,91,91,100,67,71,71
117,5,40,2024-06-20,10,99,56,44,22,20,35
118,5,62,2024-06-21,4,98,76,76,94,46,54
119,5,53,2024-06-22,1,98,57,51,70,36,54
120,5,61,2024-06-23,10,100,65,60,99,47,56
121,5,57,2024-06-24,17,100,67,60,67,10,62
122,5,62,2024-06-25,13,100,70,62,75,29,67
123,5,69,2024-06-26,9,100,71,60,94,53,75
124,5,54,2024-06-27,13,96,59,67,78,29,48
125,5,68,2024-06-28,1,100,64,55,83,69,80
126,5,51,2024-06-29,4,100,63,60,59,32,47
127,5,57,2024-06-30,2,100,68,74,97,21,51
128,5,55,2024-07-01,14,100,64,81,94,22,42
129,5,60,2024-07-02,14,100,61,67,78,23,65
130,5,58,2024-07-03,14,100,55,60,70,32,63
131,5,65,2024-07-04,16,100,68,79,83,54,62
132,5,59,2024-07-05,12,100,63,76,78,23,58
133,5,55,2024-07-06,12,100,63,67,51,31,57
134,5,54,2024-07-07,16,100,56,67,94,8,49
135,5,59,2024-07-08,22,100,66,83,72,40,50
136,5,60,2024-07-09,16,100,65,83,94,19,53
137,5,55,2024-07-10,16,96,68,67,72,28,47
138,5,44,2024-07-11,10,99,49,25,29,10,54
139,5,64,2024-07-12,7,100,61,74,94,40,68
140,5,61,2024-07-13,32,100,59,83,89,39,50
141,5,62,2024-07-16,23,100,68,72,97,27,56
142,5,53,2024-07-17,65,100,64,32,1,13,64
143,5,40,2024-07-18,21,99,69,27,7,1,41
144,5,60,2024-07-19,21,100,56,65,86,32,60
145,5,59,2024-07-20,2,95,53,60,94,62,57
146,5,55,2024-07-21,3,96,63,48,75,29,58
147,5,63,2024-07-22,23,100,59,81,83,51,57
148,5,62,2024-07-23,13,100,68,83,91,32,58
149,5,64,2024-07-24,18,98,66,58,67,58,68
150,5,54,2024-07-25,100,95,64,79,99,5,19
151,5,53,2024-07-26,10,100,61,53,81,25,48
152,5,60,2024-07-27,10,96,65,62,97,28,61
153,5,58,2024-07-28,4,100,61,72,83,24,59
154,5,56,2024-07-29,24,97,73,86,59,45,41
155,5,56,2024-07-30,14,99,64,53,89,28,52
156,5,69,2024-07-31,1,100,60,48,81,73,84
157,5,58,2024-08-01,1,100,54,79,89,46,52
158,5,48,2024-08-02,3,99,68,41,70,9,46
159,5,64,2024-08-03,1,100,54,58,83,49,77
160,5,57,2024-08-04,1,99,69,48,97,42,51
161,5,53,2024-08-05,26,99,54,74,72,17,47
162,5,60,2024-08-06,2,100,66,74,97,27,56
163,5,74,2024-08-07,1,100,60,51,89,79,95
164,5,61,2024-08-09,1,100,60,58,15,69,80
165,5,60,2024-08-10,7,100,58,81,75,32,61
166,5,64,2024-08-11,10,100,67,83,91,45,61
167,5,60,2024-08-12,36,100,64,74,94,18,52
168,5,51,2024-08-13,2,100,60,62,64,14,51
169,5,46,2024-08-14,15,95,66,51,75,17,32
170,5,58,2024-08-15,10,100,64,81,99,23,48
171,5,56,2024-08-16,5,97,53,72,97,14,57
172,5,50,2024-08-17,19,98,60,86,89,20,27
173,5,52,2024-08-18,1,100,62,72,46,44,47
174,5,48,2024-08-19,3,97,61,58,51,35,40
175,5,51,2024-08-20,8,98,62,83,59,36,37
176,5,58,2024-08-22,19,97,50,27,40,55,76
177,5,53,2024-08-23,31,100,70,69,67,16,40
178,5,67,2024-08-24,5,98,57,62,89,81,72
179,5,60,2024-08-25,13,96,63,53,75,33,66
180,5,51,2024-08-26,20,99,62,58,27,32,51
181,5,53,2024-08-27,10,100,65,69,46,33,50
182,5,45,2024-08-28,34,97,65,34,86,13,25
183,5,63,2024-08-29,22,100,59,67,97,52,57
184,22,65,2024-06-20,14,95,85,88,94,48,52
185,22,64,2024-06-21,1,100,62,74,94,56,64
186,22,57,2024-06-22,1,100,66,67,72,48,54
187,22,68,2024-06-23,25,75,57,37,78,77,88
188,22,64,2024-06-24,13,96,57,72,70,73,67
189,22,73,2024-06-26,6,100,59,86,70,91,81
190,22,57,2024-06-27,14,95,59,76,75,45,51
191,22,69,2024-06-28,1,97,64,79,97,76,69
192,22,54,2024-06-29,6,98,58,72,64,43,49
193,22,75,2024-06-30,1,100,69,93,72,90,82
194,22,56,2024-07-01,18,98,63,74,99,21,44
195,22,76,2024-07-02,20,100,96,79,83,68,75
196,22,62,2024-07-03,20,82,58,79,81,68,58
197,22,62,2024-07-04,13,86,69,95,83,58,53
198,22,67,2024-07-05,14,100,66,72,94,59,67
199,22,63,2024-07-07,20,98,61,83,94,52,56
200,22,68,2024-07-08,14,96,62,79,86,79,67
201,22,70,2024-07-09,6,96,59,76,89,76,77
202,22,68,2024-07-10,9,100,62,81,72,67,72
203,22,56,2024-07-11,14,85,59,69,81,52,50
204,22,65,2024-07-12,7,99,61,81,64,67,68
205,22,71,2024-07-14,8,100,58,86,70,84,78
206,22,77,2024-07-15,1,100,66,79,72,96,91
207,22,63,2024-07-16,14,100,60,86,67,60,62
208,22,59,2024-07-17,14,98,63,79,91,37,49
209,22,68,2024-07-18,20,100,65,76,91,69,65
210,22,65,2024-07-19,14,97,58,72,91,68,64
211,22,67,2024-07-20,6,100,62,79,83,56,71
212,22,61,2024-07-21,1,99,62,72,91,49,59
213,22,74,2024-07-22,5,100,67,83,78,96,79
214,22,66,2024-07-23,10,99,66,81,94,69,61
215,22,70,2024-07-24,14,100,62,67,72,68,83
216,22,73,2024-07-25,26,99,58,79,94,67,78
217,22,57,2024-07-26,1,100,59,79,81,42,51
218,22,68,2024-07-27,7,100,63,65,70,69,78
219,22,67,2024-07-28,1,99,67,79,70,78,68
220,22,73,2024-07-29,13,100,96,86,94,52,70
221,22,67,2024-07-30,1,96,60,93,67,66,73
222,22,75,2024-07-31,1,98,62,79,78,96,89
223,22,53,2024-08-01,8,87,63,90,78,30,41
224,22,65,2024-08-02,1,95,58,86,72,77,67
225,22,68,2024-08-03,1,98,54,74,67,65,85
226,22,75,2024-08-04,1,98,94,72,97,78,75
227,22,64,2024-08-05,1,98,59,86,89,57,64
228,22,60,2024-08-06,1,99,63,67,91,48,57
229,22,72,2024-08-07,1,100,62,72,89,96,78
230,22,47,2024-08-08,7,96,69,69,19,35,39
231,6,71,2024-06-20,69,78,48,74,56,81,81
232,6,68,2024-06-21,41,60,49,81,70,67,83
233,6,57,2024-06-22,82,48,47,69,86,42,50
234,6,72,2024-06-23,27,56,59,86,70,100,82
235,6,66,2024-06-24,20,31,56,81,94,96,73
236,6,61,2024-06-25,53,50,57,83,64,67,60
237,6,62,2024-06-26,22,43,59,62,83,63,73
238,6,72,2024-06-27,90,78,57,86,81,66,65
239,6,80,2024-06-28,22,68,54,93,86,100,99
240,6,76,2024-06-29,56,78,46,83,94,71,89
241,6,76,2024-06-30,44,63,56,81,89,88,88
242,6,77,2024-07-01,53,71,57,93,81,91,83
243,6,61,2024-07-02,60,75,55,90,81,32,55
244,6,72,2024-07-03,48,49,51,93,89,83,81
245,6,65,2024-07-04,100,56,61,76,97,62,47
246,6,62,2024-07-05,79,51,58,79,72,58,54
247,6,65,2024-07-06,38,96,57,86,83,54,58
248,6,63,2024-07-07,90,55,55,67,48,63,65
249,6,56,2024-07-08,43,28,52,62,64,69,61
250,6,70,2024-07-09,47,82,64,93,94,66,63
251,6,74,2024-07-10,57,78,51,86,70,83,83
252,6,64,2024-07-11,20,55,56,90,78,73,68
253,6,63,2024-07-12,71,60,48,79,67,49,67
254,6,73,2024-07-13,34,86,61,86,91,74,76
255,6,64,2024-07-14,25,27,53,88,91,82,71
256,6,67,2024-07-15,21,65,55,88,83,74,73
257,6,59,2024-07-16,26,24,54,81,94,67,62
258,6,58,2024-07-17,32,35,50,74,89,57,63
259,6,72,2024-07-18,43,79,59,93,81,62,78
260,6,78,2024-07-19,12,90,50,88,83,98,96
261,6,69,2024-07-20,7,64,57,86,59,98,82
262,6,66,2024-07-21,8,48,47,95,86,95,74
263,6,57,2024-07-22,38,61,61,86,72,49,50
264,6,67,2024-07-23,21,79,57,90,67,78,71
265,6,51,2024-07-24,44,12,52,72,89,49,49
266,6,78,2024-07-25,7,82,56,96,89,100,92
267,6,72,2024-07-26,16,96,55,93,75,79,79
268,6,56,2024-07-27,15,41,57,93,83,67,49
269,6,72,2024-07-28,46,95,63,88,91,57,70
270,6,50,2024-07-29,22,36,57,60,81,36,51
271,6,56,2024-07-30,37,73,50,79,62,45,54
272,6,56,2024-07-31,16,38,56,72,62,80,60
273,6,63,2024-08-01,67,83,62,97,64,53,49
274,6,70,2024-08-02,48,87,62,86,67,80,67
275,6,73,2024-08-03,70,88,56,93,67,68,74
276,6,73,2024-08-04,35,96,51,83,97,75,76
277,6,76,2024-08-05,43,99,59,88,94,47,85
278,6,58,2024-08-06,34,69,51,83,72,44,59
279,9,81,2024-06-19,38,97,93,99,83,92,75
280,9,85,2024-06-20,46,100,91,98,97,71,87
281,9,87,2024-06-21,56,97,86,96,86,77,93
282,9,73,2024-06-22,35,97,72,93,94,41,75
283,9,74,2024-06-23,37,98,84,90,72,64,72
284,9,80,2024-06-24,37,96,89,100,86,68,80
285,9,70,2024-06-25,19,96,90,93,56,77,63
286,9,73,2024-06-26,40,96,84,83,89,69,64
287,9,86,2024-06-27,23,98,90,98,94,76,95
288,9,76,2024-06-28,27,98,87,88,94,58,75
289,9,82,2024-06-29,57,97,94,98,97,80,72
290,9,67,2024-06-30,68,90,63,60,89,59,59
291,9,85,2024-07-01,78,99,84,99,67,73,88
292,9,63,2024-07-02,26,75,80,93,89,45,53
293,9,82,2024-07-03,56,99,87,93,72,91,79
294,9,81,2024-07-04,41,98,84,97,94,84,77
295,9,80,2024-07-05,57,99,82,98,86,83,73
296,9,75,2024-07-06,58,99,80,95,70,54,71
297,9,73,2024-07-07,61,98,71,90,78,42,73
298,9,68,2024-07-08,53,97,83,74,94,62,49
299,9,76,2024-07-09,100,98,87,88,46,71,65
300,9,89,2024-07-10,79,97,87,99,78,96,90
301,9,74,2024-07-11,54,95,97,99,64,65,63
302,9,88,2024-07-12,79,98,81,99,67,94,91
303,9,86,2024-07-13,100,97,80,98,97,64,82
304,9,86,2024-07-14,97,99,79,90,67,68,91
305,9,86,2024-07-15,100,98,88,98,75,76,81
306,9,76,2024-07-16,86,66,79,96,75,63,72
307,9,80,2024-07-17,66,85,91,97,67,68,79
308,9,79,2024-07-18,47,98,90,98,94,56,74
309,9,79,2024-07-19,63,96,90,100,70,95,65
310,9,90,2024-07-20,68,98,92,99,89,90,92
311,9,75,2024-07-21,53,96,78,98,83,75,64
312,9,87,2024-07-22,75,98,95,100,67,78,87
313,9,80,2024-07-23,66,97,84,98,75,82,73
314,9,85,2024-07-24,68,96,91,100,72,89,83
315,9,73,2024-07-25,100,93,73,98,86,47,55
316,9,84,2024-07-26,80,98,89,98,70,66,85
317,9,83,2024-07-27,100,95,72,93,67,32,95
318,9,71,2024-07-28,94,64,71,86,78,35,71
319,9,71,2024-07-29,100,36,75,81,67,38,78
320,9,83,2024-07-30,100,96,72,88,72,46,91
321,9,62,2024-07-31,100,49,64,55,70,19,67
322,9,62,2024-08-01,100,96,62,46,24,50,60
323,9,44,2024-08-02,32,15,39,46,97,9,52
324,9,62,2024-08-03,96,39,67,41,89,9,70
325,9,78,2024-08-04,1,58,85,58,94,93,100
326,9,55,2024-08-05,71,36,69,72,72,13,52
327,9,70,2024-08-06,49,81,45,58,72,46,94
328,9,71,2024-08-07,1,74,53,58,59,79,100
329,9,68,2024-08-08,45,62,73,76,83,53,71
330,9,80,2024-08-10,48,40,78,98,97,78,91
331,9,81,2024-08-11,6,95,72,93,89,64,100
332,9,68,2024-08-12,22,94,87,76,12,77,78
333,9,81,2024-08-13,54,89,83,96,17,81,100
334,9,71,2024-08-14,23,94,85,88,22,57,85
335,9,79,2024-08-15,24,96,82,95,70,80,87
336,9,82,2024-08-16,31,98,86,93,23,98,100
337,9,79,2024-08-17,13,96,69,99,64,77,96
338,9,84,2024-08-18,23,95,86,96,81,97,92
339,9,87,2024-08-19,13,98,88,100,81,98,100
340,9,66,2024-08-20,51,81,84,100,70,42,53
341,9,79,2024-08-21,39,87,83,98,94,72,78
342,9,83,2024-08-22,11,96,71,88,94,88,100
343,9,70,2024-08-23,39,95,92,95,70,55,60
344,9,82,2024-08-25,20,98,84,99,75,98,88
345,9,85,2024-08-26,23,98,76,97,81,96,98
346,9,85,2024-08-27,48,96,71,95,89,73,98
347,9,73,2024-08-28,45,96,82,96,86,66,63
348,9,83,2024-08-29,26,97,80,99,75,89,92
349,9,76,2024-08-30,36,97,80,98,75,68,75
350,9,86,2024-08-31,21,100,83,97,86,78,100
351,9,78,2024-09-01,19,98,80,97,83,97,76
352,7,67,2024-06-19,13,78,79,90,81,73,62
353,7,74,2024-06-20,3,83,89,90,97,91,68
354,7,80,2024-06-21,6,96,89,83,89,97,84
355,7,84,2024-06-22,16,85,89,96,86,100,93
356,7,81,2024-06-23,8,93,88,93,81,95,88
357,7,67,2024-06-24,23,68,74,62,72,71,76
358,7,80,2024-06-25,5,96,86,88,64,94,92
359,7,83,2024-06-26,28,79,81,93,97,82,95
360,7,62,2024-06-27,5,65,74,88,64,74,62
361,7,77,2024-06-28,15,62,88,95,72,96,85
362,7,74,2024-06-29,53,76,87,96,70,63,71
363,7,78,2024-06-30,70,70,87,97,70,75,76
364,7,82,2024-07-01,38,97,92,93,70,97,81
365,7,80,2024-07-02,30,77,97,99,64,83,85
366,7,89,2024-07-03,49,90,90,98,72,98,100
367,7,82,2024-07-04,36,76,86,96,83,96,88
368,7,87,2024-07-05,28,89,87,99,86,98,96
369,7,80,2024-07-06,26,84,91,98,78,93,81
370,7,77,2024-07-07,57,82,92,90,83,82,67
371,7,89,2024-07-08,45,99,90,81,91,97,98
372,7,81,2024-07-09,18,78,86,88,72,100,92
373,7,89,2024-07-10,20,92,94,100,94,100,97
374,7,79,2024-07-11,19,83,91,95,91,76,84
375,7,73,2024-07-12,11,72,80,90,78,96,74
376,7,77,2024-07-13,24,85,78,96,89,90,76
377,7,58,2024-07-14,12,54,59,46,83,91,60
378,7,83,2024-07-15,17,94,91,97,83,98,87
379,7,74,2024-07-16,3,83,84,98,72,88,76
380,7,83,2024-07-17,5,97,88,100,67,99,95
381,7,84,2024-07-18,7,95,93,90,94,81,95
382,7,74,2024-07-19,1,79,93,93,81,93,72
383,7,76,2024-07-20,5,75,80,99,83,93,82
384,7,82,2024-07-21,2,95,86,90,67,99,96
385,7,74,2024-07-22,3,58,88,97,72,93,82
386,7,85,2024-07-23,11,96,84,88,94,89,99
387,7,70,2024-07-24,7,71,85,83,97,73,70
388,7,86,2024-07-25,13,97,92,97,83,100,96
389,7,62,2024-07-26,1,77,87,95,70,68,50
390,7,34,2024-07-27,13,51,66,20,89,5,15
391,7,90,2024-07-28,55,96,89,81,89,100,100
392,7,80,2024-07-29,3,96,88,95,78,100,86
393,7,68,2024-07-30,1,66,88,97,89,85,60
394,7,85,2024-07-31,14,95,98,97,99,98,85
395,7,79,2024-08-01,8,85,77,97,83,96,88
396,7,73,2024-08-02,4,78,91,88,48,93,81
397,7,74,2024-08-03,12,62,90,96,97,88,72
398,7,75,2024-08-04,3,83,90,99,70,91,77
399,7,76,2024-08-05,9,78,87,69,86,87,85
400,7,78,2024-08-06,7,94,89,88,97,58,87
401,7,69,2024-08-07,1,75,71,76,86,80,76
402,7,70,2024-08-08,36,87,86,96,89,58,58
403,7,85,2024-08-09,46,76,79,96,70,97,100
404,7,81,2024-08-10,18,89,77,90,83,80,94
405,7,78,2024-08-11,16,74,86,90,46,96,94
406,7,81,2024-08-12,11,96,95,98,78,98,81
407,7,44,2024-08-13,1,41,80,96,72,24,25
408,7,82,2024-08-14,16,87,91,83,97,97,87
409,7,79,2024-08-15,29,95,94,97,86,97,70
410,7,55,2024-08-16,40,71,53,60,86,43,46
411,7,81,2024-08-17,37,73,91,99,97,88,80
412,7,76,2024-08-19,31,87,84,98,72,82,76
413,7,77,2024-08-20,41,78,86,98,81,89,71
414,7,71,2024-08-21,27,81,78,90,81,75,69
415,7,77,2024-08-22,40,81,86,98,97,88,68
416,7,76,2024-08-23,9,85,82,95,78,100,77
417,7,66,2024-08-24,1,89,96,88,78,65,55
418,7,88,2024-08-25,15,97,88,99,94,97,100
419,7,76,2024-08-26,1,95,93,95,83,84,75
420,7,80,2024-08-27,1,95,93,93,75,96,85
421,7,77,2024-08-28,8,95,63,65,78,95,96
422,7,61,2024-08-29,15,57,82,67,78,46,63
423,7,78,2024-08-30,1,97,98,96,83,92,76
424,7,74,2024-08-31,1,96,71,69,72,92,87
425,7,76,2024-09-01,7,95,88,83,78,68,84
426,7,77,2024-09-02,1,85,91,81,89,96,80
427,7,85,2024-09-03,15,82,87,99,75,100,100
428,29,75,2024-07-10,22,88,55,99,78,89,84
429,29,87,2024-07-11,17,98,76,99,89,99,100
430,29,63,2024-07-12,17,95,72,98,75,58,51
431,29,81,2024-07-13,14,99,87,100,89,97,79
432,29,78,2024-07-14,17,95,74,100,75,100,81
433,29,80,2024-07-15,25,96,78,100,78,99,81
434,29,81,2024-07-16,53,98,86,100,86,83,75
435,29,75,2024-07-17,19,97,76,100,67,95,74
436,29,76,2024-07-18,30,88,85,100,70,97,71
437,29,73,2024-07-19,23,96,77,100,64,86,70
438,29,79,2024-07-20,19,97,92,99,70,95,77
439,29,89,2024-07-21,56,97,83,100,78,98,96
440,29,80,2024-07-22,34,97,71,99,97,99,76
441,29,72,2024-07-23,38,93,75,99,89,82,59
442,29,62,2024-07-25,14,74,86,99,89,75,41
443,29,75,2024-07-26,11,83,80,99,89,87,76
444,29,76,2024-07-27,50,95,82,98,67,64,73
445,29,55,2024-07-28,1,78,75,90,40,72,45
446,29,85,2024-07-29,3,98,89,100,70,97,100
447,29,73,2024-07-30,7,95,82,99,75,92,68
448,29,76,2024-07-31,12,97,73,100,72,97,77
449,29,61,2024-08-01,21,74,66,90,27,71,64
450,29,72,2024-08-02,7,95,72,99,81,87,68
451,29,58,2024-08-03,1,73,86,100,67,53,45
452,29,73,2024-08-06,19,76,64,100,86,95,74
453,29,85,2024-08-07,11,94,75,100,86,96,100
454,29,74,2024-08-08,1,85,80,100,72,97,76
455,29,67,2024-08-09,31,70,74,100,72,64,65
456,29,67,2024-08-10,35,80,78,99,99,56,51
457,29,93,2024-08-12,100,100,80,100,59,100,100
458,29,63,2024-08-13,22,87,86,100,75,71,43
459,29,75,2024-08-14,36,96,78,99,81,94,66
460,29,86,2024-08-15,7,98,91,99,78,100,99
461,29,73,2024-08-16,21,91,86,97,75,95,64
462,29,79,2024-08-17,25,84,80,98,89,98,78
463,29,74,2024-08-18,1,97,73,100,78,92,75
464,29,75,2024-08-19,7,96,80,99,83,91,72
465,29,67,2024-08-20,13,95,66,98,75,76,61
466,29,70,2024-08-21,22,95,82,100,72,80,60
467,26,59,2024-07-05,41,63,72,95,86,59,40
468,26,52,2024-07-06,1,57,78,93,78,57,33
469,26,65,2024-07-07,1,62,83,97,81,93,55
470,26,90,2024-07-08,28,95,90,99,94,100,100
471,26,69,2024-07-09,16,33,78,96,75,94,75
472,26,73,2024-07-11,18,61,82,97,78,93,73
473,26,66,2024-07-12,2,79,73,93,81,93,57
474,26,69,2024-07-13,35,74,54,79,91,97,67
475,26,69,2024-07-16,26,83,74,98,70,72,67
476,26,75,2024-07-17,45,32,66,96,91,96,82
477,26,79,2024-07-18,20,71,80,97,86,98,86
478,26,70,2024-07-19,23,63,57,96,64,98,77
479,26,59,2024-07-20,5,78,53,97,83,75,50
480,26,65,2024-07-21,20,38,56,86,81,97,69
481,26,86,2024-07-22,44,72,81,96,89,96,97
482,26,57,2024-07-23,4,62,61,95,91,62,47
483,26,53,2024-07-24,1,36,65,98,97,60,40
484,26,72,2024-07-26,1,95,73,100,75,85,74
485,26,45,2024-07-27,13,34,84,97,86,19,21
486,26,71,2024-07-28,13,93,82,81,81,80,66
487,26,77,2024-07-29,20,56,58,97,83,98,94
488,26,60,2024-07-30,6,27,76,95,89,75,54
489,26,69,2024-07-31,3,58,74,100,83,92,69
490,26,77,2024-08-01,1,80,65,99,97,100,85
491,26,67,2024-08-02,2,41,78,100,86,88,67
492,26,27,2024-08-03,7,8,99,32,67,1,3
493,26,78,2024-08-06,5,67,75,99,81,100,91
494,26,67,2024-08-07,8,63,63,88,86,75,73
495,26,69,2024-08-08,3,45,71,90,91,96,73
496,26,74,2024-08-09,7,58,74,98,83,97,82
497,26,71,2024-08-10,1,51,83,97,78,96,75
498,26,51,2024-08-11,35,41,65,93,86,46,32
499,26,68,2024-08-12,7,47,71,93,32,97,84
500,26,74,2024-08-13,3,76,69,99,86,98,77
501,26,67,2024-08-14,9,67,60,98,89,90,65
502,26,28,2024-08-15,7,1,99,37,75,1,2
503,26,67,2024-08-16,5,51,64,99,83,96,69
504,26,40,2024-08-17,1,12,77,83,89,38,18
505,26,68,2024-08-18,1,71,70,95,97,91,64
506,26,63,2024-08-19,76,64,95,83,64,49,43
507,10,84,2024-06-27,8,97,77,93,83,96,100
508,10,56,2024-06-28,1,70,99,96,75,55,32
509,10,70,2024-06-29,15,95,71,90,70,80,70
510,10,67,2024-06-30,9,77,89,97,72,74,58
511,10,50,2024-07-01,13,44,99,86,97,39,20
512,10,73,2024-07-02,4,71,84,93,64,95,79
513,10,85,2024-07-05,4,100,81,88,75,100,100
514,10,82,2024-07-06,1,68,92,90,81,100,99
515,10,64,2024-07-07,1,91,93,99,78,48,52
516,10,79,2024-07-08,1,98,79,58,70,99,100
517,10,58,2024-07-09,22,87,91,93,67,47,37
518,10,87,2024-07-10,21,100,82,76,94,100,100
519,10,83,2024-07-11,1,97,83,93,72,95,100
520,10,80,2024-07-13,1,96,81,93,64,93,94
521,10,87,2024-07-14,40,100,63,74,97,100,100
522,10,35,2024-07-15,1,67,71,48,11,34,23
523,10,82,2024-07-16,1,91,83,83,72,100,100
524,10,75,2024-07-17,1,93,81,81,37,99,92
525,10,45,2024-07-18,12,48,99,51,94,33,18
526,10,84,2024-07-19,1,100,90,90,67,100,100
527,10,62,2024-07-20,1,70,80,93,81,72,53
528,10,85,2024-07-22,31,95,79,93,72,96,99
529,10,58,2024-07-23,26,66,65,86,83,49,50
530,10,49,2024-07-24,1,49,85,67,81,47,34
531,10,72,2024-07-25,1,83,78,93,91,88,69
532,10,82,2024-07-26,1,95,77,81,94,100,95
533,10,71,2024-07-27,1,84,87,98,72,95,67
534,10,64,2024-07-28,3,85,93,90,72,64,52
535,10,85,2024-07-29,1,88,85,93,97,97,99
536,10,63,2024-07-31,1,80,86,88,70,57,58
537,10,84,2024-08-01,1,95,86,83,81,100,100
538,10,70,2024-08-02,1,68,84,81,86,89,72
539,10,59,2024-08-03,1,83,96,81,97,36,41
540,10,66,2024-08-04,1,56,85,76,22,90,83
541,10,69,2024-08-05,1,65,62,76,46,96,89
542,10,80,2024-08-06,1,79,79,99,72,98,94
543,10,63,2024-08-07,1,72,79,90,67,68,61
544,10,85,2024-08-08,1,98,83,83,94,100,100
545,10,54,2024-08-09,30,80,85,93,75,35,28
546,10,85,2024-08-10,1,97,86,98,75,100,100
547,10,80,2024-08-11,1,87,85,88,67,97,94
548,10,83,2024-08-12,1,97,83,76,86,100,100
549,10,61,2024-08-13,1,72,96,86,91,49,47
550,10,82,2024-08-14,1,73,88,86,75,100,100
551,10,52,2024-08-15,36,60,79,81,83,36,30
552,10,83,2024-08-16,4,98,89,72,78,98,100
553,10,34,2024-08-17,17,12,80,86,75,5,8
554,10,50,2024-08-18,61,58,45,74,94,36,30
555,10,87,2024-08-19,12,93,91,98,83,100,100
556,10,70,2024-08-20,1,71,84,86,83,99,67
557,10,41,2024-08-21,48,44,60,51,75,29,21
558,10,54,2024-08-22,16,69,91,81,37,53,40
559,10,83,2024-08-23,1,96,82,88,70,100,100
560,10,81,2024-08-24,12,96,85,95,75,77,93
561,10,68,2024-08-25,1,69,86,98,78,83,63
562,10,67,2024-08-26,1,59,79,79,75,78,74
563,10,84,2024-08-27,1,95,79,90,83,100,100
564,10,71,2024-08-28,1,91,90,53,89,84,74
565,10,40,2024-08-29,28,30,79,69,83,19,15
566,17,60,2024-07-10,1,69,76,86,94,55,53
567,17,71,2024-07-11,1,96,73,60,78,74,82
568,17,78,2024-07-12,1,96,85,98,97,90,78
569,17,72,2024-07-13,1,98,79,93,94,70,71
570,17,52,2024-07-14,1,75,86,79,72,20,40
571,17,71,2024-07-15,1,94,81,93,48,77,78
572,17,89,2024-07-17,80,97,79,97,64,96,98
573,17,82,2024-07-18,8,96,69,86,83,97,100
574,17,57,2024-07-19,8,55,78,90,78,63,47
575,17,81,2024-07-20,1,100,73,88,83,88,96
576,17,32,2024-07-21,52,14,59,58,81,1,7
577,17,71,2024-07-22,23,95,92,90,15,65,80
578,17,77,2024-07-23,26,96,72,96,72,88,80
579,17,40,2024-07-24,64,21,78,81,89,1,9
580,17,83,2024-07-25,22,96,83,90,94,92,90
581,17,60,2024-07-26,1,95,60,74,72,47,63
582,17,71,2024-07-27,9,87,84,88,91,79,66
583,17,75,2024-07-28,1,97,82,88,97,89,73
584,17,81,2024-07-29,1,96,71,83,94,82,100
585,17,65,2024-07-30,1,79,75,93,83,62,63
586,17,76,2024-07-31,1,96,83,90,70,93,81
587,17,81,2024-08-01,1,98,87,96,91,100,83
588,17,84,2024-08-02,15,99,86,86,67,93,100
589,17,65,2024-08-03,1,98,74,65,70,67,69
590,17,63,2024-08-04,1,86,85,95,89,41,54
591,17,80,2024-08-05,1,97,71,81,70,97,100
592,17,60,2024-08-06,1,72,77,93,83,46,55
593,17,87,2024-08-08,11,100,86,90,89,100,100
594,17,80,2024-08-09,3,97,81,74,89,65,100
595,17,66,2024-08-10,1,96,72,76,72,52,72
596,17,78,2024-08-11,1,94,78,90,86,84,87
597,17,72,2024-08-12,1,99,80,95,81,66,73
598,17,87,2024-08-14,30,100,77,95,75,100,100
599,17,76,2024-08-15,1,97,78,95,78,97,78
600,17,69,2024-08-16,1,96,96,60,94,80,62
601,17,50,2024-08-17,23,55,93,95,94,17,21
602,17,48,2024-08-18,100,27,45,24,78,27,45
603,17,81,2024-08-19,16,98,85,97,89,63,91
604,17,46,2024-08-20,13,75,73,86,72,29,21
605,17,75,2024-08-23,1,97,77,93,70,67,88
606,17,87,2024-08-25,25,100,83,93,78,97,100
607,17,71,2024-08-26,1,94,77,88,89,44,79
608,17,85,2024-08-29,12,100,83,76,81,98,100
609,17,59,2024-08-30,1,67,80,88,97,32,52
610,17,77,2024-08-31,1,96,88,98,67,96,81
611,17,70,2024-09-01,1,97,63,95,78,67,78
612,17,42,2024-09-02,1,60,94,76,43,23,22
613,17,65,2024-09-03,24,71,85,83,81,67,56
614,24,30,2024-07-10,10,19,99,34,75,3,4
615,24,60,2024-07-11,45,95,41,41,97,41,62
616,24,72,2024-07-13,1,98,77,81,78,62,81
617,24,44,2024-07-14,1,58,64,93,83,25,24
618,24,51,2024-07-15,19,75,47,55,16,60,60
619,24,27,2024-07-16,1,36,57,22,75,8,12
620,24,31,2024-07-19,1,43,85,53,32,9,14
621,24,63,2024-07-20,1,87,66,69,97,51,66
622,24,62,2024-07-21,1,73,86,88,70,42,62
623,24,28,2024-07-22,1,24,70,58,64,1,8
624,24,69,2024-07-23,6,97,72,74,91,50,74
625,24,79,2024-07-24,1,99,81,81,67,81,97
626,24,64,2024-07-26,5,89,73,69,94,42,65
627,24,81,2024-07-27,1,96,75,76,97,96,94
628,24,36,2024-07-28,1,25,94,83,75,12,7
629,24,71,2024-07-29,38,97,81,95,94,55,60
630,24,78,2024-07-30,1,98,65,67,72,97,100
631,24,31,2024-07-31,1,5,92,74,78,4,4
632,24,84,2024-08-01,19,100,85,90,97,72,96
633,24,62,2024-08-02,1,87,77,76,97,51,55
634,24,76,2024-08-04,3,94,67,90,72,96,88
635,24,38,2024-08-05,53,42,57,69,75,3,15
636,24,57,2024-08-07,71,89,77,96,75,33,27
637,24,64,2024-08-08,36,94,47,86,67,56,66
638,24,70,2024-08-09,24,97,85,96,89,61,60
639,24,67,2024-08-10,20,79,74,96,70,69,63
640,24,66,2024-08-11,21,67,83,99,67,76,60
641,24,60,2024-08-12,20,72,86,96,83,51,44
642,24,60,2024-08-13,10,95,81,99,70,54,42
643,24,84,2024-08-14,18,99,78,90,97,96,92
644,24,59,2024-08-15,12,97,78,81,64,25,55
645,24,37,2024-08-16,1,33,47,76,89,20,23
646,24,66,2024-08-17,22,74,69,81,75,60,71
647,24,56,2024-08-18,20,79,42,65,97,27,56
648,24,48,2024-08-19,1,63,68,88,91,47,27
649,24,53,2024-08-20,8,76,49,60,75,39,55
650,24,43,2024-08-21,7,43,66,83,81,30,26
651,24,51,2024-08-22,14,72,77,83,64,36,34
652,24,56,2024-08-23,1,68,78,95,89,50,39
653,24,61,2024-08-24,52,89,76,86,83,27,44
654,24,61,2024-08-25,15,75,70,86,70,63,57
655,24,57,2024-08-26,81,65,49,81,89,45,39
656,24,86,2024-08-27,24,99,84,79,91,96,97
657,24,74,2024-08-28,7,96,69,88,75,77,84
658,24,51,2024-08-29,1,64,88,93,97,32,27
659,24,54,2024-08-30,1,86,66,74,94,32,43
660,24,79,2024-08-31,1,98,65,86,91,97,92
661,24,25,2024-09-01,1,35,65,39,16,18,14
662,24,44,2024-09-02,4,50,82,88,94,22,18
663,24,58,2024-09-03,100,90,78,95,67,34,22
664,23,54,2024-06-25,24,60,57,65,97,37,49
665,23,54,2024-06-26,8,94,57,72,67,33,51
666,23,63,2024-06-27,11,77,87,65,81,51,61
667,23,39,2024-06-28,10,63,48,62,37,13,39
668,23,63,2024-06-30,1,91,51,65,86,52,74
669,23,60,2024-07-01,24,86,81,79,78,17,55
670,23,52,2024-07-02,22,95,57,72,64,11,50
671,23,73,2024-07-03,1,99,62,74,67,63,94
672,23,24,2024-07-04,1,20,45,32,81,2,10
673,23,55,2024-07-07,14,90,59,30,83,48,57
674,23,62,2024-07-08,42,87,61,67,72,36,65
675,23,56,2024-07-09,12,73,85,79,81,32,45
676,23,64,2024-07-10,32,95,90,74,67,44,54
677,23,59,2024-07-12,20,54,78,60,86,29,64
678,23,46,2024-07-13,13,87,65,97,64,8,26
679,23,52,2024-07-14,20,69,53,44,86,33,53
680,23,64,2024-07-15,51,97,60,62,83,48,60
681,23,63,2024-07-16,50,97,59,53,86,54,58
682,23,50,2024-07-17,17,98,65,69,81,25,33
683,23,68,2024-07-18,16,97,56,65,86,72,75
684,23,57,2024-07-19,11,46,48,65,43,77,73
685,23,57,2024-07-20,1,97,54,69,78,42,57
686,23,61,2024-07-21,51,65,49,69,67,44,69
687,23,35,2024-07-22,23,87,92,8,59,1,11
688,23,42,2024-07-23,1,100,99,15,59,1,28
689,23,59,2024-07-24,24,77,86,62,89,28,51
690,23,67,2024-07-25,1,100,54,76,70,60,81
691,23,59,2024-07-26,2,96,78,65,83,33,54
692,23,31,2024-07-28,1,39,82,18,91,11,9
693,23,41,2024-07-29,22,47,57,81,94,11,20
694,23,53,2024-07-30,1,84,47,79,72,24,58
695,23,49,2024-07-31,12,91,58,79,89,17,32
696,23,55,2024-08-01,7,98,52,76,67,38,52
697,23,29,2024-08-02,1,52,60,27,86,1,11
698,23,63,2024-08-03,1,97,62,65,67,52,72
699,23,59,2024-08-04,1,97,59,62,67,42,66
700,23,53,2024-08-05,23,76,64,74,64,33,48
701,23,54,2024-08-06,3,95,90,60,89,19,39
702,23,32,2024-08-07,76,33,67,18,56,3,9
703,23,74,2024-08-08,46,96,56,48,83,35,99
704,23,55,2024-08-09,41,76,62,83,72,20,47
705,23,65,2024-08-10,12,97,59,53,83,49,75
706,23,67,2024-08-12,72,98,64,58,97,48,57
707,23,66,2024-08-13,47,96,61,67,67,60,67
708,23,63,2024-08-14,84,95,92,44,64,17,54
709,23,84,2024-08-15,70,86,82,62,89,73,95
710,16,71,2024-07-17,20,76,85,93,99,91,57
711,16,80,2024-07-18,49,96,86,97,70,96,74
712,16,83,2024-07-19,31,96,91,99,89,99,81
713,16,80,2024-07-20,2,97,87,100,78,99,85
714,16,80,2024-07-21,12,75,79,79,81,100,96
715,16,76,2024-07-22,34,95,92,99,86,93,61
716,16,81,2024-07-23,28,95,91,86,75,100,83
717,16,62,2024-07-24,29,77,77,72,81,78,49
718,16,91,2024-07-25,64,98,93,93,91,100,93
719,16,83,2024-07-26,70,96,91,90,43,96,84
720,16,82,2024-07-27,4,95,94,86,91,98,86
721,16,85,2024-07-28,16,97,81,79,86,100,100
722,16,60,2024-07-29,36,88,80,69,17,76,57
723,16,58,2024-07-30,19,81,58,48,81,72,55
724,16,75,2024-07-31,52,89,85,93,67,81,68
725,16,59,2024-08-01,42,77,59,46,22,85,64
726,16,60,2024-08-02,17,72,82,96,86,53,45
727,16,63,2024-08-03,53,56,67,88,81,79,50
728,16,78,2024-08-04,24,73,83,81,91,97,82
729,16,75,2024-08-05,24,96,89,97,67,92,68
730,16,82,2024-08-06,12,93,85,76,83,98,93
731,16,87,2024-08-07,18,96,77,93,99,100,100
732,16,76,2024-08-08,14,65,60,74,86,99,95
733,16,71,2024-08-09,21,95,91,96,97,75,53
734,16,83,2024-08-10,6,95,78,95,62,100,100
735,16,77,2024-08-11,1,95,89,74,22,100,98
736,16,51,2024-08-12,14,65,94,83,83,32,26
737,16,85,2024-08-13,6,96,85,90,81,100,100
738,16,76,2024-08-14,14,89,88,88,29,98,89
739,16,68,2024-08-15,19,66,59,58,32,97,92
740,16,81,2024-08-16,1,68,83,93,78,100,95
741,16,76,2024-08-17,14,93,89,72,1,100,100
742,16,75,2024-08-18,5,92,92,88,97,97,66
743,16,61,2024-08-19,21,74,82,86,75,63,48
744,16,69,2024-08-20,24,67,90,97,59,92,62
745,16,70,2024-08-21,27,96,99,96,78,85,49
746,16,85,2024-08-22,45,95,82,93,89,100,88
747,16,83,2024-08-23,6,96,75,69,94,98,100
748,16,87,2024-08-24,21,99,90,88,72,100,100
749,16,68,2024-08-25,11,96,83,69,13,96,76
750,16,54,2024-08-26,10,58,78,81,78,57,39
751,16,79,2024-08-27,50,96,95,83,91,95,67
752,16,60,2024-08-28,22,82,92,93,64,58,40
753,16,52,2024-08-29,22,63,77,72,99,50,29
754,16,67,2024-08-30,17,71,64,51,1,99,96
755,16,76,2024-08-31,12,95,53,62,91,97,91
756,16,69,2024-09-01,18,79,81,79,35,98,73
757,16,52,2024-09-02,55,54,55,76,72,51,38
758,8,79,2024-07-05,1,96,91,98,94,85,80
759,8,87,2024-07-07,1,100,88,93,81,100,100
760,8,89,2024-07-08,50,96,83,99,72,96,100
761,8,45,2024-07-09,14,48,79,88,83,18,22
762,8,92,2024-07-10,46,100,90,97,86,99,100
763,8,75,2024-07-11,1,77,82,99,67,89,85
764,8,85,2024-07-12,1,97,92,95,67,99,100
765,8,68,2024-07-13,1,95,47,67,81,84,81
766,8,81,2024-07-14,1,74,87,100,70,97,98
767,8,45,2024-07-15,1,60,66,93,83,31,25
768,8,87,2024-07-16,22,96,81,83,97,100,100
769,8,75,2024-07-17,1,90,80,96,97,89,74
770,8,79,2024-07-18,1,76,71,95,70,96,100
771,8,57,2024-07-19,1,66,85,99,78,46,44
772,8,67,2024-07-20,1,89,92,99,70,68,60
773,8,66,2024-07-21,1,95,72,96,75,55,65
774,8,85,2024-07-22,1,96,88,95,81,96,100
775,8,85,2024-07-24,10,97,78,97,86,96,100
776,8,82,2024-07-25,3,100,83,88,83,69,99
777,8,85,2024-07-26,1,97,79,95,89,99,100
778,8,91,2024-07-28,100,97,77,74,72,100,100
779,8,90,2024-07-30,44,100,87,97,75,100,100
780,8,64,2024-07-31,14,74,80,86,75,54,62
781,8,74,2024-08-01,91,85,82,96,67,71,60
782,8,71,2024-08-02,4,95,82,97,64,93,66
783,8,69,2024-08-03,1,96,76,96,67,73,70
784,8,74,2024-08-04,1,72,91,99,86,89,74
785,8,84,2024-08-05,10,95,90,99,86,97,90
786,8,73,2024-08-06,5,96,86,93,89,78,68
787,8,52,2024-08-07,16,55,80,95,72,35,35
788,8,76,2024-08-08,10,70,85,100,67,96,83
789,8,66,2024-08-09,32,96,91,93,94,53,44
790,8,85,2024-08-10,1,98,89,100,70,100,100
791,8,70,2024-08-11,1,87,98,98,89,71,58
792,8,86,2024-08-13,11,96,96,100,64,99,98
793,8,77,2024-08-14,3,96,94,100,72,90,78
794,8,69,2024-08-15,1,69,97,98,72,84,62
795,8,71,2024-08-16,4,90,96,98,78,75,64
796,8,39,2024-08-17,1,49,73,60,81,21,19
797,8,70,2024-08-18,51,67,89,86,83,67,57
798,8,86,2024-08-19,17,97,85,99,86,100,96
799,8,62,2024-08-20,1,50,75,81,70,70,68
800,8,46,2024-08-21,1,60,84,86,86,35,19
801,8,43,2024-08-22,1,50,81,81,99,22,17
802,8,75,2024-08-23,1,98,78,81,43,95,90
803,8,89,2024-08-24,30,97,89,97,75,96,100
804,8,64,2024-08-25,1,65,88,98,86,68,54
805,8,86,2024-08-26,1,98,89,81,86,98,100
806,8,85,2024-08-27,1,96,89,100,72,100,100
807,8,63,2024-08-28,1,70,87,95,89,72,49
808,8,83,2024-08-29,1,95,83,60,97,100,100
809,8,84,2024-08-30,1,93,86,86,81,100,100
810,8,78,2024-08-31,1,93,79,96,70,96,88
811,8,54,2024-09-01,1,70,90,95,83,37,33
812,8,75,2024-09-02,1,95,85,98,75,95,74
813,8,83,2024-09-03,1,95,87,96,75,89,99
814,15,57,2024-06-20,23,76,86,96,89,34,34
815,15,84,2024-06-21,10,95,83,99,86,98,93
816,15,69,2024-06-22,18,91,72,97,89,63,65
817,15,67,2024-06-23,15,83,66,83,86,71,65
818,15,59,2024-06-24,22,64,90,99,81,43,41
819,15,41,2024-06-25,100,16,76,76,81,1,6
820,15,71,2024-06-26,17,97,82,90,78,93,60
821,15,61,2024-06-27,18,85,90,97,89,48,40
822,15,65,2024-06-29,40,86,92,97,94,51,40
823,15,81,2024-06-30,9,100,80,95,86,95,86
824,15,73,2024-07-02,41,88,78,95,94,74,63
825,15,80,2024-07-03,12,96,83,90,89,86,85
826,15,62,2024-07-04,36,86,71,90,86,58,46
827,15,79,2024-07-05,26,98,78,96,83,87,80
828,15,68,2024-07-06,28,97,69,93,72,61,65
829,15,80,2024-07-07,11,97,92,98,67,96,83
830,15,73,2024-07-08,11,61,70,96,89,96,78
831,15,55,2024-07-09,23,47,70,98,97,37,42
832,15,76,2024-07-10,12,92,86,96,72,84,80
833,15,62,2024-07-11,18,85,63,97,72,72,53
834,15,71,2024-07-12,15,93,68,98,78,82,68
835,15,79,2024-07-13,21,87,77,100,72,90,86
836,15,57,2024-07-14,36,84,63,99,70,46,40
837,15,70,2024-07-15,63,96,75,88,67,67,59
838,15,78,2024-07-16,56,83,78,93,94,80,73
839,15,66,2024-07-17,61,85,73,83,86,71,46
840,15,66,2024-07-18,28,95,71,90,91,60,53
841,15,68,2024-07-19,24,95,92,90,81,71,51
842,15,78,2024-07-20,28,84,84,98,78,85,81
843,15,76,2024-07-21,15,97,80,93,83,96,74
844,15,71,2024-07-22,23,95,70,97,72,84,68
845,15,78,2024-07-23,26,95,95,99,72,92,73
846,15,37,2024-07-24,1,36,85,95,70,2,12
847,15,63,2024-07-25,20,86,65,86,89,62,55
848,15,74,2024-07-26,16,73,78,90,72,71,86
849,15,77,2024-07-27,6,95,83,93,89,96,76
850,15,75,2024-07-28,15,96,74,99,78,94,73
851,15,70,2024-07-29,14,66,66,98,78,77,77
852,15,69,2024-07-30,14,83,73,96,94,59,67
853,15,60,2024-07-31,8,73,74,95,81,59,50
854,15,73,2024-08-01,11,95,88,98,67,73,73
855,15,38,2024-08-02,77,9,99,53,83,1,3
856,15,65,2024-08-03,18,90,73,95,97,60,53
857,15,41,2024-08-04,100,22,77,62,94,1,6
858,15,51,2024-08-05,80,51,89,79,81,25,17
859,15,61,2024-08-06,20,67,75,97,97,47,49
860,15,61,2024-08-07,24,92,58,93,86,70,45
861,15,71,2024-08-08,23,87,59,88,94,64,75
862,15,71,2024-08-09,57,95,80,97,72,60,58
863,15,69,2024-08-10,64,80,93,100,81,58,48
864,15,74,2024-08-11,60,99,82,95,72,82,60
865,15,48,2024-08-12,16,45,92,81,97,25,22
866,15,61,2024-08-13,67,84,76,96,70,40,40
867,15,65,2024-08-14,55,83,78,97,89,48,46
868,15,73,2024-08-15,36,96,82,99,64,88,63
869,15,68,2024-08-16,7,97,81,99,86,64,58
870,15,76,2024-08-17,34,96,84,99,83,67,73
871,15,73,2024-08-18,20,80,82,98,86,84,67
872,15,79,2024-08-19,7,97,80,100,67,99,85
873,15,75,2024-08-20,21,87,83,99,99,90,72
874,15,64,2024-08-21,78,65,83,95,94,51,43
875,28,84,2024-07-13,1,97,86,98,89,84,99
876,28,55,2024-07-14,2,54,82,93,91,34,45
877,28,60,2024-07-15,22,72,73,93,56,50,57
878,28,79,2024-07-16,7,97,81,93,54,96,92
879,28,76,2024-07-17,3,95,80,81,83,60,91
880,28,82,2024-07-19,1,99,92,100,78,57,98
881,28,78,2024-07-20,1,99,89,96,72,81,86
882,28,80,2024-07-21,1,99,88,97,94,75,86
883,28,62,2024-07-22,16,95,91,95,91,40,42
884,28,80,2024-07-24,1,80,75,96,72,84,100
885,28,62,2024-07-25,10,94,86,95,81,47,46
886,28,83,2024-07-26,1,96,87,99,89,96,90
887,28,84,2024-07-27,1,100,92,99,75,90,98
888,28,81,2024-07-28,1,100,76,79,94,90,94
889,28,51,2024-07-29,12,58,84,90,89,25,31
890,28,83,2024-07-30,1,99,82,96,83,97,95
891,28,63,2024-07-31,20,74,98,100,91,32,48
892,28,83,2024-08-01,1,98,83,97,75,95,96
893,28,67,2024-08-02,1,93,87,95,94,36,64
894,28,76,2024-08-04,12,99,90,95,89,74,73
895,28,72,2024-08-05,11,94,87,97,94,71,63
896,28,36,2024-08-06,38,18,99,55,70,4,7
897,28,78,2024-08-07,20,95,93,97,83,79,76
898,28,68,2024-08-08,44,74,85,98,78,54,58
899,28,71,2024-08-09,22,95,84,95,75,57,69
900,28,67,2024-08-10,14,97,48,72,81,67,75
901,28,59,2024-08-12,20,62,87,99,75,44,45
902,28,53,2024-08-13,10,54,79,98,70,36,41
903,28,87,2024-08-14,8,98,84,97,94,93,100
904,28,87,2024-08-15,1,99,96,98,89,95,100
905,28,76,2024-08-16,1,96,93,100,91,51,82
906,28,70,2024-08-18,8,78,81,93,94,79,64
907,28,51,2024-08-19,1,41,83,99,83,36,36
908,28,82,2024-08-20,13,96,89,90,81,90,88
909,28,79,2024-08-21,7,93,85,97,97,67,85
910,28,84,2024-08-22,1,98,90,98,75,84,100
911,28,56,2024-08-23,4,75,96,86,86,32,36
912,28,69,2024-08-24,7,100,68,62,97,45,80
913,28,69,2024-08-25,15,88,91,93,86,58,60
914,28,83,2024-08-26,24,100,76,67,86,88,100
915,28,75,2024-08-27,9,100,59,44,75,79,100
916,28,65,2024-08-29,13,92,79,72,78,50,65
917,28,66,2024-08-30,4,95,78,83,54,65,68
918,28,60,2024-08-31,1,99,67,69,1,76,73
919,28,81,2024-09-01,1,98,86,96,86,79,91
920,28,63,2024-09-02,33,96,90,83,91,36,43
921,28,81,2024-09-03,2,100,95,95,22,96,100
922,21,76,2024-06-16,20,96,64,60,67,95,92
923,21,63,2024-06-17,21,85,87,81,86,46,50
924,21,73,2024-06-18,23,76,96,100,94,86,60
925,21,79,2024-06-19,1,93,75,81,72,96,95
926,21,39,2024-06-20,1,40,99,55,91,14,11
927,21,95,2024-06-21,100,99,82,93,86,100,100
928,21,78,2024-06-22,15,96,85,93,86,75,81
929,21,58,2024-06-23,12,65,86,83,94,50,41
930,21,59,2024-06-24,8,70,91,98,70,44,47
931,21,47,2024-06-25,1,54,71,90,89,35,27
932,21,30,2024-06-26,1,7,99,55,75,1,3
933,21,62,2024-06-27,31,51,74,93,67,62,57
934,21,85,2024-06-28,14,100,87,79,75,99,100
935,21,74,2024-06-29,18,98,83,98,78,73,70
936,21,87,2024-06-30,100,90,82,95,56,96,88
937,21,28,2024-07-01,1,9,99,39,67,1,4
938,21,51,2024-07-04,8,77,86,93,97,26,23
939,21,42,2024-07-05,1,35,73,95,83,30,18
940,21,54,2024-07-06,1,60,90,97,86,50,31
941,21,62,2024-07-07,10,76,87,95,86,60,46
942,21,33,2024-07-08,1,30,79,76,72,6,7
943,21,86,2024-07-09,57,97,61,93,83,88,100
944,21,64,2024-07-10,21,81,79,79,97,53,52
945,21,88,2024-07-11,74,96,76,95,81,78,98
946,21,53,2024-07-12,15,49,75,88,97,33,38
947,21,93,2024-07-13,66,100,88,95,83,98,100
948,21,72,2024-07-14,100,66,83,96,91,64,52
949,21,61,2024-07-15,22,78,91,96,86,39,43
950,21,73,2024-07-16,55,73,86,96,97,68,60
951,21,51,2024-07-17,13,65,99,95,78,27,24
952,21,79,2024-07-18,70,96,91,98,70,83,69
953,21,68,2024-07-19,28,60,68,88,94,83,65
954,21,78,2024-07-20,33,97,84,96,94,79,74
955,21,52,2024-07-22,60,60,75,74,86,35,28
956,21,75,2024-07-23,100,85,87,93,48,65,65
957,21,89,2024-07-24,100,97,82,97,91,99,80
958,21,62,2024-07-25,33,83,59,93,78,66,51
959,21,78,2024-07-26,100,77,73,93,70,68,75
960,21,96,2024-07-27,100,99,84,86,97,98,100
961,21,39,2024-07-28,1,30,66,95,78,12,22
962,21,93,2024-07-29,76,99,81,95,89,100,100
963,21,41,2024-07-30,100,33,43,55,86,17,15
964,21,64,2024-07-31,12,95,89,81,97,23,54
965,21,70,2024-08-01,74,82,86,98,75,36,59
966,21,78,2024-08-02,58,98,58,58,59,69,100
967,21,71,2024-08-03,100,88,91,100,78,39,48
968,21,71,2024-08-04,22,96,82,88,91,68,62
969,21,62,2024-08-20,100,66,65,65,86,60,41
970,21,66,2024-08-21,100,78,88,93,86,39,37
971,21,86,2024-08-22,62,98,85,97,86,98,83
972,21,77,2024-08-23,63,97,82,95,91,71,66
973,21,85,2024-08-24,91,100,79,98,81,71,82
974,21,88,2024-08-25,56,96,79,96,67,97,100
975,21,93,2024-08-26,100,82,79,95,81,97,100
976,21,65,2024-08-27,82,88,81,86,70,37,46
977,21,82,2024-08-28,36,97,91,96,72,88,83
978,21,75,2024-08-29,91,78,77,93,91,58,61
979,21,51,2024-08-30,64,62,63,96,67,32,28
980,21,80,2024-08-31,65,95,94,98,83,79,68
981,21,72,2024-09-01,60,96,83,74,83,74,60
982,21,43,2024-09-02,62,22,99,62,97,1,9
983,21,70,2024-09-03,93,96,66,60,91,71,53
984,19,72,2024-06-12,8,99,97,88,75,77,64
985,19,75,2024-06-13,11,98,94,100,81,72,71
986,19,14,2024-06-19,1,9,71,1,1,1,6
987,19,77,2024-06-20,4,97,94,96,70,96,76
988,19,62,2024-06-21,18,96,75,100,72,58,47
989,19,77,2024-06-22,1,97,99,97,72,81,79
990,19,51,2024-06-24,10,72,94,86,72,31,28
991,19,78,2024-06-25,4,90,94,76,23,99,100
992,19,66,2024-06-26,6,92,97,97,83,70,48
993,19,68,2024-06-27,10,96,99,97,97,67,46
994,19,56,2024-06-28,18,83,86,88,91,26,37
995,19,80,2024-06-29,13,98,95,72,75,98,86
996,19,75,2024-06-30,1,98,98,88,83,82,73
997,19,67,2024-07-01,18,96,96,99,75,58,50
998,19,70,2024-07-02,21,85,97,97,94,65,55
999,19,84,2024-07-03,1,100,91,74,89,91,100
1000,19,68,2024-07-04,17,96,76,74,72,72,66
1001,19,68,2024-07-05,23,92,93,99,83,47,56
1002,19,59,2024-07-06,52,82,91,86,59,46,37
1003,19,74,2024-07-07,5,96,87,74,78,96,74
1004,19,72,2024-07-08,14,99,97,99,89,76,57
1005,19,70,2024-07-09,19,98,97,90,91,53,57
1006,19,83,2024-07-10,7,100,95,96,97,96,82
1007,19,79,2024-07-11,4,100,98,74,94,84,81
1008,19,63,2024-07-12,17,84,87,97,99,48,45
1009,19,79,2024-07-13,7,96,92,98,86,97,78
1010,19,82,2024-07-14,3,99,99,97,89,92,83
1011,19,71,2024-07-15,14,87,84,93,81,75,68
1012,19,74,2024-07-16,14,98,90,90,91,73,69
1013,19,72,2024-07-17,14,97,94,81,83,77,66
1014,19,82,2024-07-18,1,97,89,93,59,100,97
1015,19,63,2024-07-19,17,95,99,96,94,42,39
1016,19,80,2024-07-20,4,97,88,95,70,99,86
1017,19,87,2024-07-21,3,100,97,96,75,98,100
1018,19,66,2024-07-22,20,77,96,96,97,49,50
1019,19,85,2024-07-23,6,98,99,97,89,96,91
1020,19,81,2024-07-24,13,97,95,79,83,97,85
1021,19,81,2024-07-25,19,99,91,98,78,91,83
1022,19,66,2024-07-26,21,95,93,86,37,77,58
1023,19,70,2024-07-27,1,98,97,88,81,71,61
1024,19,80,2024-07-28,9,98,95,100,94,92,77
1025,19,73,2024-07-29,1,99,84,79,75,77,78
1026,19,69,2024-07-30,1,96,99,90,81,76,57
1027,19,83,2024-07-31,1,100,95,83,62,98,98
1028,19,74,2024-08-01,3,97,90,95,83,73,73
1029,19,70,2024-08-02,10,95,97,90,54,78,64
1030,19,81,2024-08-03,1,100,97,69,81,95,91
1031,19,65,2024-08-04,2,97,94,81,29,68,67
1032,19,83,2024-08-05,1,100,94,86,56,100,100
1033,19,68,2024-08-06,8,88,91,86,97,53,62
1034,19,65,2024-08-07,14,84,98,88,83,51,52
1035,19,67,2024-08-08,13,97,90,88,29,64,70
1036,19,69,2024-08-09,15,97,74,51,94,67,73
1037,19,72,2024-08-10,7,96,96,93,51,84,70
1038,19,64,2024-08-11,19,66,89,83,83,45,59
1039,19,69,2024-08-12,17,96,99,99,86,58,53
1040,19,92,2024-08-23,65,100,90,88,86,96,100
1041,19,86,2024-08-24,54,98,62,74,89,98,100
1042,19,83,2024-08-25,89,96,94,100,67,79,74
1043,19,82,2024-08-26,91,96,81,98,75,83,73
1044,19,82,2024-08-27,84,97,97,100,70,87,67
1045,19,83,2024-08-28,87,98,95,99,64,95,68
1046,19,84,2024-08-29,45,96,92,98,86,96,81
1047,19,88,2024-08-30,75,97,98,100,72,91,86
1048,19,83,2024-08-31,79,96,97,100,72,95,68
1049,19,84,2024-09-01,72,97,94,100,97,88,71
1050,14,75,2024-06-17,43,93,80,83,78,70,74
1051,14,73,2024-06-18,45,89,87,98,59,55,73
1052,14,67,2024-06-19,21,88,89,93,97,48,55
1053,14,78,2024-06-21,44,88,89,81,97,53,80
1054,14,71,2024-06-22,75,83,89,96,89,45,55
1055,14,66,2024-06-23,23,88,69,86,97,52,59
1056,14,62,2024-06-24,21,78,78,98,89,56,46
1057,14,54,2024-06-25,7,85,70,58,91,46,42
1058,14,77,2024-06-26,24,74,84,74,97,75,85
1059,14,63,2024-06-27,56,69,94,83,37,45,57
1060,14,69,2024-06-28,21,97,79,93,72,63,65
1061,14,61,2024-06-29,13,89,80,86,75,43,54
1062,14,64,2024-06-30,32,94,77,88,81,47,53
1063,14,79,2024-07-01,17,87,81,90,89,76,90
1064,14,70,2024-07-02,21,92,80,96,78,60,67
1065,14,72,2024-07-03,20,97,85,88,75,68,71
1066,14,61,2024-07-04,36,86,90,93,97,26,39
1067,14,68,2024-07-05,20,55,87,90,94,64,65
1068,14,65,2024-07-06,46,74,88,79,24,65,67
1069,14,80,2024-07-07,35,95,85,93,89,76,82
1070,14,74,2024-07-09,19,98,81,86,86,78,73
1071,14,80,2024-07-10,43,96,87,90,48,76,90
1072,14,56,2024-07-11,54,78,89,76,14,21,53
1073,14,67,2024-07-12,18,98,80,95,78,42,62
1074,14,68,2024-07-13,34,95,86,95,72,65,55
1075,14,82,2024-07-14,65,100,93,98,75,84,74
1076,14,84,2024-07-15,63,98,72,83,91,85,89
1077,14,71,2024-07-16,22,97,84,93,78,40,73
1078,14,72,2024-07-17,34,96,80,96,67,56,73
1079,14,70,2024-07-18,52,92,92,93,81,56,55
1080,14,82,2024-07-19,80,100,52,62,59,87,100
1081,14,63,2024-07-21,68,72,86,96,83,35,43
1082,14,79,2024-07-22,43,97,72,90,94,76,82
1083,14,77,2024-07-23,59,95,77,86,97,57,74
1084,14,72,2024-07-24,22,96,86,95,78,57,68
1085,14,67,2024-07-25,13,98,78,88,94,44,63
1086,14,68,2024-07-26,47,96,85,76,51,64,63
1087,14,69,2024-07-27,44,76,86,76,67,52,71
1088,14,68,2024-07-28,16,98,83,88,78,49,66
1089,14,74,2024-07-30,55,96,85,96,81,45,67
1090,14,65,2024-07-31,69,73,82,79,64,61,52
1091,14,72,2024-08-01,46,83,71,88,29,77,84
1092,14,66,2024-08-02,28,95,85,86,81,46,56
1093,14,78,2024-08-03,50,89,87,88,75,85,74
1094,14,69,2024-08-04,22,97,83,79,78,39,72
1095,14,57,2024-08-05,21,95,84,83,97,23,37
1096,14,75,2024-08-06,23,91,94,95,67,64,77
1097,14,76,2024-08-07,30,96,85,90,97,78,68
1098,14,72,2024-08-08,21,97,89,96,78,59,67
1099,14,62,2024-08-09,7,67,84,95,72,55,56
1100,14,76,2024-08-10,17,99,79,100,72,64,84
1101,14,71,2024-08-11,55,84,84,97,91,56,57
1102,14,66,2024-08-12,16,85,85,96,78,44,62
1103,14,71,2024-08-13,45,96,92,97,86,45,58
1104,14,82,2024-08-14,20,96,84,96,86,66,93
1105,14,59,2024-08-15,19,67,91,83,29,48,58
1106,14,62,2024-08-16,13,96,61,60,70,57,65
1107,14,85,2024-08-17,20,97,88,90,91,93,94
1108,14,49,2024-08-18,100,36,76,83,70,13,21
1109,14,69,2024-08-19,21,97,79,90,91,64,58
1110,14,76,2024-08-20,22,96,86,81,83,80,76
1111,14,64,2024-08-21,13,96,76,76,13,91,67
1112,14,56,2024-08-22,21,66,70,83,72,33,51
1113,14,81,2024-08-24,20,98,84,97,86,92,83
1114,14,77,2024-08-25,24,79,78,98,81,83,81
1115,14,67,2024-08-26,35,96,88,88,83,46,55
1116,14,67,2024-08-27,44,70,79,93,78,50,63
1117,14,71,2024-08-28,22,90,77,96,83,65,68
1118,14,83,2024-08-31,20,95,91,90,91,95,86
1119,14,69,2024-09-01,35,94,85,96,94,38,57
1120,14,76,2024-09-02,37,96,79,86,78,83,74
1121,14,60,2024-09-03,40,96,53,90,83,39,50
1122,1,57,2024-06-12,1,84,94,99,81,52,33
1123,1,82,2024-06-13,7,97,86,88,99,100,85
1124,1,66,2024-06-14,13,64,87,90,83,69,59
1125,1,72,2024-06-15,5,81,78,100,72,76,76
1126,1,57,2024-06-16,52,67,88,99,72,44,30
1127,1,90,2024-06-17,53,97,86,96,97,98,95
1128,1,84,2024-06-18,33,82,88,97,94,85,90
1129,1,65,2024-06-19,16,81,76,88,78,61,62
1130,1,76,2024-06-20,19,84,88,95,64,76,84
1131,1,59,2024-06-21,5,53,92,97,97,36,47
1132,1,43,2024-06-22,6,33,76,76,91,21,24
1133,1,84,2024-06-23,22,87,81,93,72,99,100
1134,1,69,2024-06-24,6,78,80,93,75,80,68
1135,1,69,2024-06-26,10,68,90,97,78,74,64
1136,1,72,2024-06-27,2,98,79,79,67,64,84
1137,1,68,2024-06-28,11,71,76,95,97,82,61
1138,1,82,2024-06-29,12,92,90,99,89,96,84
1139,1,66,2024-06-30,1,72,88,95,94,65,57
1140,1,78,2024-07-01,23,89,69,90,97,59,91
1141,1,77,2024-07-02,18,92,77,96,97,96,73
1142,1,74,2024-07-03,20,80,68,93,91,81,78
1143,1,80,2024-07-04,6,83,88,96,91,96,84
1144,1,76,2024-07-07,36,82,90,98,97,83,64
1145,1,73,2024-07-08,20,78,74,90,91,76,75
1146,1,63,2024-07-09,1,92,92,96,72,49,52
1147,1,78,2024-07-10,38,67,85,97,83,86,81
1148,1,84,2024-07-11,13,97,90,95,94,85,92
1149,1,90,2024-07-12,33,98,92,97,91,99,97
1150,1,70,2024-07-13,13,95,86,96,83,64,63
1151,1,79,2024-07-14,16,94,83,97,86,72,85
1152,1,51,2024-07-15,1,54,85,99,72,43,32
1153,1,80,2024-07-16,18,73,91,90,91,85,88
1154,1,49,2024-07-17,4,55,79,90,91,30,28
1155,1,72,2024-07-18,1,95,96,81,97,62,69
1156,1,55,2024-07-19,5,60,95,72,97,39,38
1157,1,80,2024-07-21,18,71,93,88,94,95,85
1158,1,80,2024-07-22,22,90,83,95,81,93,85
1159,1,78,2024-07-23,15,98,92,98,94,94,70
1160,1,85,2024-07-24,35,74,88,97,91,96,93
1161,1,53,2024-07-25,47,28,94,95,97,39,23
1162,1,66,2024-07-26,12,84,97,72,86,63,55
1163,1,40,2024-07-27,1,40,92,76,62,18,20
1164,1,82,2024-07-28,19,100,91,100,78,98,83
1165,1,66,2024-07-29,3,85,85,90,86,52,62
1166,1,63,2024-07-30,11,82,87,93,86,51,49
1167,1,32,2024-07-31,1,11,99,53,97,1,4
1168,1,79,2024-08-01,2,99,89,86,19,100,100
1169,1,54,2024-08-02,1,82,88,79,78,40,36
1170,1,85,2024-08-03,66,97,89,98,86,85,82
1171,1,64,2024-08-04,1,65,85,90,67,26,76
1172,1,47,2024-08-05,18,72,93,81,51,31,23
1173,1,76,2024-08-06,62,78,85,100,72,75,71
1174,1,58,2024-08-07,43,72,89,96,94,30,33
1175,1,82,2024-08-08,71,96,98,100,72,98,68
1176,1,80,2024-08-09,64,84,86,93,94,83,71
1177,1,76,2024-08-10,14,95,84,86,91,58,82
1178,1,72,2024-08-11,6,49,91,99,97,64,77
1179,1,61,2024-08-12,1,90,84,99,70,44,52
1180,1,33,2024-08-14,100,23,53,37,62,1,9
1181,1,33,2024-08-19,1,17,79,93,72,3,9
1182,1,54,2024-08-20,79,47,95,97,72,20,25
1183,1,89,2024-08-21,75,99,90,100,81,99,87
1184,1,88,2024-08-22,66,84,92,99,83,96,88
1185,1,80,2024-08-23,94,90,88,100,86,72,66
1186,1,82,2024-08-24,100,95,91,98,97,52,68
1187,1,84,2024-08-25,100,85,84,98,91,70,77
1188,1,87,2024-08-26,95,91,80,96,83,89,86
1189,1,85,2024-08-27,100,79,91,98,97,72,76
1190,1,78,2024-08-28,100,63,78,93,83,68,72
1191,1,84,2024-08-29,78,88,90,100,75,98,75
1192,1,86,2024-08-30,100,93,88,100,62,93,80
1193,1,82,2024-08-31,98,92,88,96,75,91,68
1194,1,80,2024-09-01,99,79,93,100,64,70,70
1195,1,71,2024-09-02,75,98,91,98,78,56,51
1196,1,84,2024-09-03,100,74,81,99,81,97,81
1197,4,49,2024-06-12,9,55,84,95,99,32,20
1198,4,69,2024-06-13,10,96,61,53,75,84,76
1199,4,65,2024-06-14,12,96,97,93,86,39,49
1200,4,80,2024-06-15,18,96,80,88,97,85,85
1201,4,60,2024-06-16,5,81,88,99,86,31,47
1202,4,75,2024-06-17,63,66,78,74,99,58,79
1203,4,76,2024-06-18,14,80,83,93,89,58,84
1204,4,57,2024-06-19,20,62,85,95,89,47,37
1205,4,71,2024-06-20,36,88,86,83,81,71,61
1206,4,69,2024-06-21,1,97,86,93,99,66,60
1207,4,65,2024-06-22,11,88,71,95,72,73,58
1208,4,72,2024-06-23,1,96,82,93,78,86,71
1209,4,33,2024-06-24,1,20,77,65,99,4,7
1210,4,83,2024-06-25,2,96,85,81,94,91,94
1211,4,57,2024-06-26,1,95,52,51,86,67,56
1212,4,76,2024-06-27,57,96,41,48,81,68,100
1213,4,45,2024-06-28,1,68,71,79,59,31,30
1214,4,75,2024-06-29,1,97,86,93,72,90,77
1215,4,78,2024-06-30,6,97,84,90,86,72,87
1216,4,53,2024-07-01,15,67,83,96,89,31,30
1217,4,83,2024-07-02,11,95,75,90,83,96,97
1218,4,64,2024-07-03,10,85,87,96,83,58,50
1219,4,76,2024-07-04,39,99,85,93,83,60,75
1220,4,72,2024-07-05,2,70,75,96,75,93,79
1221,4,67,2024-07-06,8,72,72,97,86,58,69
1222,4,84,2024-07-07,11,100,89,93,86,75,96
1223,4,42,2024-07-08,5,43,98,81,94,12,12
1224,4,89,2024-07-09,18,100,86,96,97,100,100
1225,4,32,2024-07-10,1,45,66,23,91,16,12
1226,4,80,2024-07-11,50,100,76,86,89,64,83
1227,4,68,2024-07-12,16,82,81,81,89,58,66
1228,4,66,2024-07-13,1,68,81,95,91,83,57
1229,4,64,2024-07-14,1,96,78,90,72,52,61
1230,4,37,2024-07-15,5,26,74,88,83,14,12
1231,4,85,2024-07-16,24,96,86,95,86,83,96
1232,4,51,2024-07-17,12,61,93,97,91,21,24
1233,4,70,2024-07-18,9,100,59,48,97,70,82
1234,4,60,2024-07-19,9,73,99,88,97,59,37
1235,4,71,2024-07-20,11,89,93,97,81,64,66
1236,4,69,2024-07-21,27,92,97,90,83,44,59
1237,4,57,2024-07-22,14,71,88,96,97,48,33
1238,4,81,2024-07-23,32,98,99,96,91,82,72
1239,4,50,2024-07-24,9,54,87,93,97,35,23
1240,4,52,2024-07-25,13,65,81,88,86,32,32
1241,4,81,2024-07-26,9,96,90,95,72,87,91
1242,4,80,2024-07-27,1,98,84,95,70,98,88
1243,4,63,2024-07-28,92,78,74,76,72,26,49
1244,4,66,2024-07-29,23,92,83,97,91,59,50
1245,4,69,2024-07-30,43,76,62,96,75,83,64
1246,4,48,2024-07-31,10,51,99,98,86,19,19
1247,4,77,2024-08-01,39,97,88,98,75,81,72
1248,4,66,2024-08-02,27,100,59,55,83,82,64
1249,4,85,2024-08-04,27,100,84,88,89,72,98
1250,4,41,2024-08-05,4,31,99,90,83,12,11
1251,4,81,2024-08-06,52,95,76,96,72,77,86
1252,4,80,2024-08-07,12,96,85,88,94,96,80
1253,4,75,2024-08-08,14,99,87,86,91,68,74
1254,4,69,2024-08-09,13,97,78,86,91,71,60
1255,4,67,2024-08-10,1,96,92,98,89,64,54
1256,4,86,2024-08-11,22,96,79,88,83,96,100
1257,4,72,2024-08-12,1,97,79,67,75,74,81
1258,4,63,2024-08-13,57,84,89,74,91,44,40
1259,4,71,2024-08-14,1,96,88,90,81,74,65
1260,4,42,2024-08-15,13,51,69,79,83,19,21
1261,4,67,2024-08-16,7,69,73,76,86,59,74
1262,4,86,2024-08-17,44,97,72,83,94,80,100
1263,4,61,2024-08-18,2,95,90,74,22,64,60
1264,4,53,2024-08-19,2,73,85,74,86,29,36
1265,4,61,2024-08-20,31,82,87,88,81,46,42
1266,4,49,2024-08-21,33,46,84,95,94,28,19
1267,4,91,2024-08-22,98,96,71,93,99,81,97
1268,4,50,2024-08-23,46,83,48,65,97,26,32
1269,4,54,2024-08-24,12,67,65,58,83,43,52
1270,4,72,2024-08-25,47,89,66,81,86,76,67
1271,4,48,2024-08-26,43,50,87,83,62,31,24
1272,4,72,2024-08-27,83,83,79,98,70,67,58
1273,4,71,2024-08-28,75,95,80,97,89,55,51
1274,4,58,2024-08-29,52,56,90,86,94,26,36
1275,4,89,2024-08-30,53,100,83,90,75,96,100
1276,4,65,2024-08-31,75,80,75,83,91,57,42
1277,4,68,2024-09-01,27,96,87,74,67,50,67
1278,4,23,2024-09-02,6,16,65,32,37,10,8
1279,4,44,2024-09-03,9,59,67,69,83,18,28
1280,2,68,2024-06-17,52,95,90,90,27,56,65
1281,2,64,2024-06-18,33,80,81,93,97,23,55
1282,2,69,2024-06-19,40,95,89,53,89,5,77
1283,2,70,2024-06-20,75,80,92,93,94,39,50
1284,2,54,2024-06-21,16,49,76,44,27,37,72
1285,2,40,2024-06-22,18,21,58,21,1,16,68
1286,2,69,2024-06-23,34,86,78,83,67,23,80
1287,2,61,2024-06-24,69,65,80,90,97,19,43
1288,2,47,2024-06-25,10,54,79,86,94,16,26
1289,2,58,2024-06-26,16,72,79,83,97,19,51
1290,2,64,2024-06-27,23,94,91,90,97,17,51
1291,2,61,2024-06-28,31,88,92,79,86,10,52
1292,2,70,2024-06-29,20,74,93,88,97,36,71
1293,2,68,2024-06-30,30,96,83,58,94,34,70
1294,2,69,2024-07-01,26,96,96,98,62,28,66
1295,2,63,2024-07-02,23,78,93,93,83,20,54
1296,2,67,2024-07-03,23,82,97,97,99,23,56
1297,2,65,2024-07-04,43,52,94,88,24,25,78
1298,2,69,2024-07-06,37,89,85,95,99,30,61
1299,2,66,2024-07-07,17,81,92,93,91,32,58
1300,2,71,2024-07-08,80,79,89,95,99,36,53
1301,2,68,2024-07-09,78,67,82,96,94,19,58
1302,2,71,2024-07-10,85,96,80,65,75,25,70
1303,2,78,2024-07-11,47,96,91,90,97,45,77
1304,2,30,2024-07-12,27,1,99,16,97,1,2
1305,2,49,2024-07-13,12,38,67,55,67,24,55
1306,2,65,2024-07-14,19,60,86,93,97,32,62
1307,2,34,2024-07-15,13,28,80,53,99,1,8
1308,2,72,2024-07-17,33,96,80,39,97,24,89
1309,2,74,2024-07-18,83,95,94,95,70,46,60
1310,2,57,2024-07-20,24,60,87,79,78,27,49
1311,2,73,2024-07-21,63,60,87,97,97,30,72
1312,2,72,2024-07-22,52,91,57,79,83,30,85
1313,2,63,2024-07-23,26,83,83,86,91,19,58
1314,2,69,2024-07-24,33,77,77,76,99,27,76
1315,2,71,2024-07-25,21,81,90,69,99,49,74
1316,2,70,2024-07-26,34,66,97,97,97,50,61
1317,2,65,2024-07-27,64,64,78,88,91,3,64
1318,2,74,2024-07-28,77,74,72,95,67,25,84
1319,2,65,2024-07-29,56,80,81,88,86,27,55
1320,2,59,2024-07-30,24,75,80,76,94,21,51
1321,2,57,2024-07-31,23,63,92,88,97,16,43
1322,2,54,2024-08-01,49,17,75,67,35,27,65
1323,2,60,2024-08-02,63,54,92,86,64,25,49
1324,2,77,2024-08-03,94,74,85,95,86,60,67
1325,2,56,2024-08-05,21,66,99,93,97,14,35
1326,2,67,2024-08-06,53,86,85,81,78,44,56
1327,2,64,2024-08-07,38,82,92,88,91,29,50
1328,2,57,2024-08-08,61,57,91,72,91,17,39
1329,2,47,2024-08-09,18,52,93,97,64,20,22
1330,2,72,2024-08-10,66,85,85,67,91,9,80
1331,2,59,2024-08-11,17,68,74,67,97,33,55
1332,2,43,2024-08-12,14,26,82,83,94,9,22
1333,2,63,2024-08-13,56,68,96,79,24,34,63
1334,2,68,2024-08-14,19,81,84,88,89,34,68
1335,2,78,2024-08-15,66,58,78,90,89,41,91
1336,2,74,2024-08-16,88,66,80,96,99,36,67
1337,2,71,2024-08-17,83,63,72,74,64,32,81
1338,2,85,2024-08-18,79,78,82,97,89,50,96
1339,2,57,2024-08-19,86,7,54,34,1,15,100
1340,2,39,2024-08-20,1,24,56,93,81,1,30
1341,2,82,2024-08-21,21,98,87,83,97,36,100
1342,2,60,2024-08-22,50,73,92,81,97,17,42
1343,2,64,2024-08-23,43,77,93,88,91,23,50
1344,2,61,2024-08-25,30,67,91,83,94,20,52
1345,2,56,2024-08-26,24,44,90,95,97,8,46
1346,2,60,2024-08-27,66,56,72,95,72,29,49
1347,2,66,2024-08-28,11,88,86,81,94,11,71
1348,2,57,2024-08-29,13,74,57,27,81,29,74
1349,2,75,2024-08-30,19,87,65,97,72,45,96
1350,2,60,2024-09-02,22,92,75,79,91,27,50
1351,2,66,2024-09-03,38,66,89,95,94,26,60
1352,20,68,2024-06-25,98,99,57,88,75,34,58
1353,20,62,2024-06-26,100,98,68,96,75,22,35
1354,20,63,2024-06-27,100,100,72,81,75,8,45
1355,20,64,2024-06-29,53,99,59,90,62,37,59
1356,20,47,2024-06-30,19,96,68,23,78,7,42
1357,20,44,2024-07-01,1,82,63,81,86,9,24
1358,20,73,2024-07-02,51,100,81,98,99,36,63
1359,20,51,2024-07-03,16,97,64,65,81,26,37
1360,20,46,2024-07-05,18,93,53,60,81,7,36
1361,20,64,2024-07-06,48,100,57,83,78,9,66
1362,20,58,2024-07-07,32,96,65,83,86,28,44
1363,20,63,2024-07-08,59,100,68,93,86,9,50
1364,20,56,2024-07-09,26,95,79,81,86,10,41
1365,20,59,2024-07-10,34,100,65,69,91,36,46
1366,20,49,2024-07-22,12,87,56,76,86,38,31
1367,20,68,2024-07-23,48,100,68,90,99,29,61
1368,20,53,2024-07-24,35,94,55,76,67,11,47
1369,20,53,2024-07-25,26,99,69,86,72,16,38
1370,20,48,2024-07-26,17,96,70,97,72,16,22
1371,20,67,2024-07-27,30,100,62,79,67,30,77
1372,20,52,2024-07-28,18,97,62,86,83,16,36
1373,20,52,2024-07-29,24,98,64,76,75,19,37
1374,20,59,2024-07-30,23,99,79,67,81,35,47
1375,20,62,2024-07-31,54,100,67,79,81,27,50
1376,20,67,2024-08-01,39,100,62,74,97,40,64
1377,20,61,2024-08-02,53,97,58,90,83,26,50
1378,20,50,2024-08-03,23,98,69,37,75,20,42
1379,20,57,2024-08-04,46,97,60,93,97,16,38
1380,20,62,2024-08-05,36,100,70,88,81,36,51
1381,20,62,2024-08-06,21,100,67,83,94,33,53
1382,20,60,2024-08-07,73,98,65,67,78,18,49
1383,20,50,2024-08-09,24,95,54,72,91,9,36
1384,20,57,2024-08-10,48,99,66,74,72,23,45
1385,20,47,2024-08-11,21,96,57,65,97,13,26
1386,20,62,2024-08-12,87,99,61,88,70,13,49
1387,20,54,2024-08-13,3,100,63,69,72,25,49
1388,20,52,2024-08-14,16,96,57,96,75,23,36
1389,20,68,2024-08-15,48,100,71,96,72,43,62
1390,20,62,2024-08-16,55,98,69,99,67,19,51
1391,20,58,2024-08-17,35,100,60,97,72,16,49
1392,20,65,2024-08-18,43,84,68,97,89,45,53
1393,20,63,2024-08-21,42,100,70,90,78,23,56
1394,20,54,2024-08-22,44,98,71,55,81,45,33
1395,20,56,2024-08-23,30,82,71,67,18,49,60
1396,20,53,2024-08-24,22,96,84,79,89,3,34
1397,20,62,2024-08-25,34,100,76,90,72,39,48
1398,20,65,2024-08-26,15,100,68,83,81,24,69
1399,20,50,2024-08-27,23,96,64,69,86,23,31
1400,20,49,2024-08-28,17,99,59,83,67,15,34
1401,20,51,2024-08-29,23,98,67,74,72,14,37
1402,20,53,2024-08-30,20,99,68,62,97,19,37
1403,20,44,2024-08-31,5,96,61,58,91,9,27
1404,20,55,2024-09-01,16,98,74,81,86,13,42
1405,20,56,2024-09-02,19,99,65,86,75,20,47
1406,20,50,2024-09-03,19,97,61,76,81,10,37
1407,3,66,2024-06-20,48,99,66,88,70,42,60
1408,3,63,2024-06-21,43,97,70,65,94,58,48
1409,3,63,2024-06-22,38,95,61,76,64,41,65
1410,3,65,2024-06-23,23,97,63,86,99,22,65
1411,3,67,2024-06-24,61,100,65,79,81,42,59
1412,3,67,2024-06-25,57,99,64,96,67,20,66
1413,3,68,2024-06-26,59,96,53,83,97,40,64
1414,3,74,2024-06-27,51,99,68,96,86,61,70
1415,3,59,2024-06-28,40,70,59,97,72,16,60
1416,3,63,2024-06-29,50,96,56,79,67,22,66
1417,3,77,2024-06-30,36,98,59,93,81,82,84
1418,3,70,2024-07-01,58,95,69,93,83,30,69
1419,3,64,2024-07-02,53,96,64,81,67,36,60
1420,3,69,2024-07-03,34,95,65,72,94,48,71
1421,3,59,2024-07-04,26,78,51,72,81,43,60
1422,3,61,2024-07-05,43,89,69,69,91,34,51
1423,3,62,2024-07-06,27,96,59,97,67,36,61
1424,3,72,2024-07-07,39,96,63,81,94,58,74
1425,3,58,2024-07-08,36,89,61,58,91,36,51
1426,3,60,2024-07-09,34,89,58,93,75,32,53
1427,3,69,2024-07-10,22,98,60,83,72,54,78
1428,3,60,2024-07-11,50,97,56,81,99,24,47
1429,3,60,2024-07-12,38,96,74,95,72,17,48
1430,3,66,2024-07-13,46,97,60,81,72,27,70
1431,3,52,2024-07-15,30,95,66,60,16,49,50
1432,3,51,2024-07-16,38,88,57,65,64,23,42
1433,3,60,2024-07-17,33,100,64,86,72,32,52
1434,3,73,2024-07-18,19,95,63,88,91,76,75
1435,3,55,2024-07-19,29,95,64,88,72,18,44
1436,3,59,2024-07-20,36,97,69,79,91,31,42
1437,3,60,2024-07-21,32,98,66,81,75,23,55
1438,3,64,2024-07-22,55,99,65,88,72,25,59
1439,3,66,2024-07-23,22,99,71,83,67,60,62
1440,3,61,2024-07-27,11,98,59,44,91,32,69
1441,3,65,2024-07-28,20,98,62,62,97,53,66
1442,3,68,2024-07-29,41,98,63,96,86,52,60
1443,3,63,2024-07-30,66,95,61,74,64,28,60
1444,3,64,2024-07-31,47,96,59,83,89,32,58
1445,3,69,2024-08-01,50,96,62,97,81,40,66
1446,3,64,2024-08-02,48,98,66,81,81,52,51
1447,3,62,2024-08-03,30,99,67,88,70,35,58
1448,3,66,2024-08-04,26,96,60,90,67,40,73
1449,3,60,2024-08-06,24,94,61,83,97,12,57
1450,3,40,2024-08-07,51,58,55,41,67,13,24
1451,3,64,2024-08-08,49,96,65,81,75,50,54
1452,3,64,2024-08-09,63,95,61,90,91,45,47
1453,3,66,2024-08-10,25,97,60,96,70,50,65
1454,3,56,2024-08-11,22,75,55,79,78,31,55
1455,3,48,2024-08-12,20,74,83,39,67,20,40
1456,3,63,2024-08-13,49,91,60,88,75,49,55
1457,3,58,2024-08-14,24,79,56,90,89,28,53
1458,3,58,2024-08-15,40,84,59,81,75,40,48
1459,3,56,2024-08-16,30,98,66,76,83,13,45
1460,3,72,2024-08-17,41,98,67,95,91,36,73
1461,3,58,2024-08-18,23,79,62,93,78,9,58
1462,3,70,2024-08-19,28,96,56,76,97,46,77
1463,3,57,2024-08-20,27,96,72,93,81,10,45
1464,3,58,2024-08-21,31,96,71,88,78,36,42
1465,3,64,2024-08-23,47,81,69,86,72,53,57
1466,3,71,2024-08-24,41,100,65,93,86,30,75
1467,3,53,2024-08-25,26,61,57,83,75,20,52
1468,3,64,2024-08-26,43,95,61,86,67,49,59
1469,3,62,2024-08-27,37,95,67,88,91,23,54
1470,3,64,2024-08-28,34,97,66,86,89,45,54
1471,3,70,2024-08-29,25,97,61,97,67,59,75
1472,3,49,2024-08-31,100,61,81,69,18,14,32
1473,3,76,2024-09-01,19,100,76,90,97,52,82
1474,3,58,2024-09-02,56,82,58,95,97,9,43
1475,3,65,2024-09-03,95,68,63,90,78,53,50
1476,18,51,2024-06-23,61,71,75,62,27,29,40
1477,18,70,2024-06-24,69,84,92,100,81,48,52
1478,18,69,2024-06-25,69,83,79,99,78,51,55
1479,18,64,2024-06-26,64,69,96,98,86,41,39
1480,18,74,2024-06-27,75,96,98,97,97,56,50
1481,18,80,2024-06-28,100,96,89,100,67,63,69
1482,18,69,2024-06-29,46,96,98,99,72,60,49
1483,18,76,2024-06-30,66,93,83,100,72,60,70
1484,18,66,2024-07-01,68,78,95,100,72,49,43
1485,18,67,2024-07-02,33,98,56,74,70,58,71
1486,18,71,2024-07-03,75,85,86,98,83,55,52
1487,18,65,2024-07-04,69,96,91,95,86,34,39
1488,18,28,2024-07-05,1,2,99,44,81,1,2
1489,18,76,2024-07-06,55,92,90,100,64,66,72
1490,18,64,2024-07-08,58,65,95,99,75,51,43
1491,18,71,2024-07-09,67,79,96,100,75,53,54
1492,18,65,2024-07-10,71,83,71,96,97,31,48
1493,18,70,2024-07-11,77,88,86,100,67,42,56
1494,18,73,2024-07-12,70,93,87,98,86,70,51
1495,18,86,2024-07-13,12,99,88,99,83,86,100
1496,18,76,2024-07-14,17,89,85,100,72,65,83
1497,18,62,2024-07-15,64,60,88,97,75,42,44
1498,18,82,2024-07-16,99,87,79,99,86,63,76
1499,18,55,2024-07-17,43,69,98,98,78,36,22
1500,18,75,2024-07-18,88,93,82,99,78,66,59
1501,18,72,2024-07-19,77,92,81,97,83,49,57
1502,18,90,2024-07-20,100,69,68,100,78,97,100
1503,18,74,2024-07-21,47,86,77,100,67,67,74
1504,18,67,2024-07-22,74,71,81,100,70,38,56
1505,18,70,2024-07-23,61,93,83,98,81,56,53
1506,18,65,2024-07-24,77,68,74,100,67,51,51
1507,18,71,2024-07-25,81,65,96,98,97,56,48
1508,18,88,2024-07-26,70,100,81,97,70,67,98
1509,18,79,2024-07-27,43,96,80,100,70,65,85
1510,18,81,2024-07-28,17,95,75,96,78,66,99
1511,18,62,2024-07-29,50,72,95,97,97,41,34
1512,18,75,2024-07-30,44,97,80,97,70,71,72
1513,18,60,2024-07-31,50,66,89,97,70,63,33
1514,18,27,2024-08-01,35,13,98,23,21,2,7
1515,18,63,2024-08-02,67,75,83,98,89,35,41
1516,18,79,2024-08-03,34,93,81,97,89,90,75
1517,18,69,2024-08-05,62,73,88,99,78,56,54
1518,18,37,2024-08-14,1,31,83,95,72,14,9
1519,18,63,2024-08-15,49,84,61,97,70,50,54
1520,18,86,2024-08-16,8,95,88,100,75,97,100
1521,18,74,2024-08-17,22,89,88,93,83,71,72
1522,18,62,2024-08-18,32,66,71,97,72,49,55
1523,18,72,2024-08-19,27,91,80,97,78,62,69
1524,18,82,2024-08-20,24,94,88,99,72,77,91
1525,18,72,2024-08-21,17,88,75,95,78,59,77
1526,18,80,2024-08-22,17,96,98,100,78,79,82
1527,18,81,2024-08-23,61,71,74,97,94,68,88
1528,18,84,2024-08-24,98,74,74,97,72,38,99
1529,18,63,2024-08-25,50,69,85,95,89,44,43
1530,18,78,2024-08-26,26,94,73,95,75,73,87
1531,18,81,2024-08-28,14,98,85,97,75,81,91
1532,18,61,2024-08-29,13,86,47,48,89,36,75
1533,27,73,2024-06-22,89,96,88,100,70,58,52
1534,27,88,2024-06-23,92,96,89,99,64,93,87
1535,27,76,2024-06-24,100,84,97,100,72,57,56
1536,27,72,2024-06-25,100,92,92,97,83,51,46
1537,27,76,2024-06-26,100,82,97,98,97,71,48
1538,27,77,2024-06-27,100,84,93,100,86,72,55
1539,27,74,2024-06-28,100,92,85,99,70,60,54
1540,27,67,2024-06-29,98,83,95,100,75,44,35
1541,27,77,2024-07-01,37,100,88,93,75,51,81
1542,27,79,2024-07-02,100,87,85,98,91,68,63
1543,27,78,2024-07-03,100,85,93,98,89,60,58
1544,27,74,2024-07-04,100,96,96,98,97,50,45
1545,27,80,2024-07-05,98,97,94,98,75,64,65
1546,27,71,2024-07-06,58,74,86,100,70,67,60
1547,27,75,2024-07-07,81,73,82,95,78,68,67
1548,27,75,2024-07-08,100,78,83,95,83,72,57
1549,27,80,2024-07-09,100,96,86,100,78,75,64
1550,27,78,2024-07-10,100,78,98,100,94,64,56
1551,27,70,2024-07-11,100,89,84,98,64,45,52
1552,27,76,2024-07-12,100,95,97,100,64,76,51
1553,27,47,2024-07-13,90,66,43,62,86,16,22
1554,27,68,2024-07-14,55,57,34,39,78,46,100
1555,27,74,2024-07-15,100,98,49,93,86,61,66
1556,27,73,2024-07-16,84,62,69,93,91,73,64
1557,27,68,2024-07-17,100,78,79,98,72,47,47
1558,27,73,2024-07-18,100,72,81,96,89,73,52
1559,27,80,2024-07-19,100,98,93,98,86,75,58
1560,27,88,2024-07-20,97,98,92,100,78,96,77
1561,27,82,2024-07-21,28,96,86,98,89,96,82
1562,27,76,2024-07-22,100,93,90,100,70,51,60
1563,27,75,2024-07-23,100,68,97,100,86,72,52
1564,27,73,2024-07-24,100,78,92,99,75,54,52
1565,27,78,2024-07-25,100,85,90,100,75,68,63
1566,27,61,2024-07-26,100,70,84,97,86,26,30
1567,27,83,2024-07-27,99,99,70,97,72,92,77
1568,27,77,2024-07-28,67,96,94,100,67,78,64
1569,27,60,2024-07-29,73,74,94,93,78,34,29
1570,27,82,2024-07-30,82,99,88,100,75,68,75
1571,27,82,2024-07-31,100,97,94,99,91,71,63
1572,27,77,2024-08-01,48,98,93,100,81,70,68
1573,27,84,2024-08-02,100,97,84,100,83,71,75
1574,27,86,2024-08-03,42,99,89,100,75,79,93
1575,27,82,2024-08-04,100,97,90,99,86,67,67
1576,27,76,2024-08-05,92,89,78,81,67,77,69
1577,27,81,2024-08-06,78,97,84,96,97,71,70
1578,27,82,2024-08-08,100,84,85,100,62,74,79
1579,27,92,2024-08-09,96,98,86,99,75,91,94
1580,27,84,2024-08-10,100,90,88,100,75,80,76
1581,27,68,2024-08-11,100,72,87,96,89,47,42
1582,27,86,2024-08-12,100,100,87,98,89,80,75
1583,27,70,2024-08-13,100,96,82,96,70,59,44
1584,27,72,2024-08-14,82,96,92,100,72,59,49
1585,27,79,2024-08-15,50,96,86,93,89,68,75
1586,27,79,2024-08-16,100,91,93,99,86,67,60
1587,27,63,2024-08-17,76,71,80,100,75,60,35
1588,27,77,2024-08-18,52,98,91,98,72,76,69
1589,27,80,2024-08-19,100,98,91,100,70,59,69
1590,27,82,2024-08-20,100,99,87,100,70,76,70
1591,27,28,2024-08-21,1,5,99,23,97,1,2
1592,27,86,2024-08-22,99,97,88,100,81,95,72
1593,27,77,2024-08-23,100,95,92,100,75,56,59
1594,27,88,2024-08-24,89,98,85,97,91,94,82
1595,27,78,2024-08-25,100,75,71,93,83,74,70
1596,27,72,2024-08-26,100,86,62,97,97,56,53
1597,27,73,2024-08-27,100,84,93,100,72,49,54
1598,27,71,2024-08-28,41,84,82,100,72,69,62
1599,27,83,2024-08-29,100,97,90,98,81,67,71
1600,27,70,2024-08-30,57,93,80,98,81,62,54
1601,27,75,2024-08-31,59,98,87,83,97,70,61
1602,27,83,2024-09-01,100,97,81,95,86,79,73
1603,27,77,2024-09-02,100,94,92,95,81,63,56
1604,27,79,2024-09-03,100,97,82,97,83,68,64
1605,13,54,2024-07-10,69,58,94,93,67,21,26
1606,13,65,2024-07-11,89,51,88,97,91,60,37
1607,13,69,2024-07-12,90,57,84,99,89,65,47
1608,13,85,2024-07-13,16,96,81,99,70,100,100
1609,13,77,2024-07-14,26,78,80,95,83,100,75
1610,13,63,2024-07-15,65,71,88,93,83,23,46
1611,13,65,2024-07-16,56,70,98,99,67,49,46
1612,13,61,2024-07-17,83,54,84,98,91,45,33
1613,13,63,2024-07-18,86,72,90,93,70,54,33
1614,13,73,2024-07-19,96,68,95,98,83,74,49
1615,13,66,2024-07-20,72,54,91,96,72,57,50
1616,13,80,2024-07-21,22,85,79,99,83,100,85
1617,13,68,2024-07-22,62,58,93,96,81,75,49
1618,13,71,2024-07-23,79,77,80,96,67,75,55
1619,13,66,2024-07-24,91,43,92,100,83,62,40
1620,13,47,2024-07-25,53,46,89,86,56,23,21
1621,13,59,2024-07-26,46,86,55,76,91,45,46
1622,13,84,2024-07-27,49,97,82,100,64,99,87
1623,13,92,2024-07-28,56,100,86,96,91,99,100
1624,13,49,2024-07-29,22,70,69,98,78,42,23
1625,13,67,2024-07-30,47,66,76,97,81,82,51
1626,13,76,2024-07-31,52,83,76,97,70,95,72
1627,13,72,2024-08-01,95,81,89,98,94,75,40
1628,13,78,2024-08-02,50,72,79,96,67,97,81
1629,13,69,2024-08-03,21,85,85,98,89,67,59
1630,13,76,2024-08-04,22,95,83,96,75,94,73
1631,13,53,2024-08-05,39,56,94,99,86,30,22
1632,13,84,2024-08-06,17,97,81,99,70,98,98
1633,13,75,2024-08-07,22,96,87,97,78,93,68
1634,13,66,2024-08-08,58,79,91,98,78,53,45
1635,13,85,2024-08-09,20,98,73,100,78,100,98
1636,13,79,2024-08-10,14,93,85,96,86,95,79
1637,13,59,2024-08-11,12,66,58,81,94,63,52
1638,13,66,2024-08-12,66,81,77,96,78,60,48
1639,13,87,2024-08-13,18,98,72,95,97,100,100
1640,13,41,2024-08-14,22,43,88,86,81,5,12
1641,13,84,2024-08-15,84,89,75,98,72,86,86
1642,13,69,2024-08-16,1,82,76,90,86,89,66
1643,13,77,2024-08-17,6,82,69,100,83,100,84
1644,13,71,2024-08-18,7,80,86,100,64,88,68
1645,13,77,2024-08-19,13,80,83,99,72,97,82
1646,13,59,2024-08-20,20,82,72,93,81,59,41
1647,13,64,2024-08-21,11,96,64,69,94,51,61
1648,13,49,2024-08-22,48,53,98,81,86,14,16
1649,13,80,2024-08-23,89,95,96,100,97,71,59
1650,13,70,2024-08-24,81,74,93,100,67,50,55
1651,13,74,2024-08-25,100,60,96,100,72,69,56
1652,13,87,2024-08-26,100,95,73,93,78,96,85
1653,13,84,2024-08-27,100,85,72,98,72,94,80
1654,13,65,2024-08-28,100,63,85,100,86,34,40
1655,13,86,2024-08-29,100,97,85,98,81,89,77
1656,13,86,2024-08-30,100,95,89,100,67,93,78
1657,13,72,2024-08-31,99,74,88,97,83,54,52
1658,13,70,2024-09-01,92,61,79,97,70,71,54
1659,13,76,2024-09-02,100,95,84,96,83,61,56
1660,13,79,2024-09-03,100,62,83,99,91,83,67
1661,25,80,2024-07-17,6,97,59,65,89,96,100
1662,25,77,2024-07-18,1,96,83,95,51,58,100
1663,25,61,2024-07-19,37,35,87,86,54,41,65
1664,25,62,2024-07-20,17,49,58,62,75,51,80
1665,25,74,2024-07-21,2,88,77,90,40,98,88
1666,25,53,2024-07-22,26,57,94,88,64,41,31
1667,25,65,2024-07-23,19,95,84,95,72,52,54
1668,25,35,2024-07-24,74,9,49,79,75,7,9
1669,25,77,2024-07-25,15,100,88,65,1,100,100
1670,25,34,2024-07-27,1,42,73,72,54,4,16
1671,25,86,2024-07-28,1,89,83,99,97,99,100
1672,25,61,2024-07-29,1,68,67,95,89,59,57
1673,25,81,2024-07-30,2,100,81,72,54,100,100
1674,25,67,2024-07-31,10,77,86,99,67,62,65
1675,25,57,2024-08-01,40,48,93,86,48,41,47
1676,25,83,2024-08-02,1,98,71,83,89,98,100
1677,25,61,2024-08-03,5,79,81,96,86,55,49
1678,25,71,2024-08-04,1,79,61,79,97,97,75
1679,25,81,2024-08-05,4,93,82,72,67,100,100
1680,25,53,2024-08-06,6,58,83,60,1,58,65
1681,25,85,2024-08-07,1,99,88,93,86,95,100
1682,25,64,2024-08-08,24,87,83,93,62,44,59
1683,25,67,2024-08-09,8,76,89,95,99,72,53
1684,25,37,2024-08-10,19,28,64,62,54,31,22
1685,25,86,2024-08-11,2,97,91,97,78,100,100
1686,25,71,2024-08-12,1,71,82,90,18,89,90
1687,25,56,2024-08-15,5,81,71,69,75,47,50
1688,25,78,2024-08-16,1,74,77,96,91,96,87
1689,25,72,2024-08-17,1,57,81,76,56,87,93
1690,25,73,2024-08-18,1,74,76,88,64,87,86
1691,25,56,2024-08-19,10,76,48,72,81,35,61
1692,25,80,2024-08-20,1,98,75,58,81,100,100
1693,25,76,2024-08-21,1,95,70,69,62,80,100
1694,25,85,2024-08-22,11,100,78,67,94,100,100
1695,25,49,2024-08-23,6,51,85,83,89,19,31
1696,25,86,2024-08-24,100,89,91,98,86,58,83
1697,25,73,2024-08-25,7,95,74,51,15,97,100
1698,25,74,2024-08-26,1,73,75,88,20,98,100
1699,25,61,2024-08-28,1,55,43,46,1,98,100
1700,25,68,2024-08-31,70,71,85,96,83,41,54
1701,25,85,2024-09-02,33,96,89,79,94,79,93
1702,25,79,2024-09-03,3,60,76,76,91,93,100
